ID_Usuario,Edad,Genero,Departamento,Fecha_Registro,Dispositivo
U00001,33,Masculino,Lima,2024-04-27,Smartphone
U00002,37,Femenino,Lima,2024-05-26,Smartphone
U00003,27,Femenino,Lima,2024-08-18,Smartphone
U00004,31,Masculino,La Libertad,2024-05-11,Smartphone
U00005,35,Femenino,Lima,2024-04-27,Web Desktop
U00006,16,Femenino,Lima,2024-04-12,Smartphone
U00007,37,Femenino,Lambayeque,2024-06-15,Smartphone
U00008,42,Masculino,Lima,2024-04-18,Smartphone
U00009,17,Masculino,Ica,2024-04-26,Web Desktop
U00010,31,Masculino,Lima,2024-05-24,Smartphone
U00011,33,Masculino,Lima,2024-05-12,Smartphone
U00012,30,Masculino,Lima,2024-09-23,Smartphone
U00013,23,Femenino,Lima,2024-06-08,Smartphone
U00014,20,Masculino,Lima,2024-07-11,Smartphone
U00015,46,Femenino,Lima,2024-08-16,Smartphone
U00016,27,Femenino,Lima,2024-05-06,Smartphone
U00017,28,Masculino,Cusco,2024-05-11,Smartphone
U00018,41,Masculino,Lima,2024-07-29,Smartphone
U00019,32,Masculino,Lima,2024-09-22,Smartphone
U00020,45,Masculino,Lima,2024-05-11,Smartphone
U00021,30,Masculino,La Libertad,2024-04-28,Smartphone
U00022,45,Masculino,Lima,2024-07-05,Smartphone
U00023,42,Masculino,Lambayeque,2024-09-01,Web Desktop
U00024,23,Femenino,Lima,2024-06-18,Tablet
U00025,24,Masculino,Lambayeque,2024-08-03,Smartphone
U00026,42,Masculino,Lima,2024-08-19,Smartphone
U00027,27,Masculino,Lima,2024-08-17,Smartphone
U00028,39,Masculino,Lima,2024-07-05,Smartphone
U00029,32,Femenino,Lima,2024-04-06,Smartphone
U00030,29,Masculino,Lima,2024-04-16,Smartphone
U00031,23,Masculino,Lima,2024-09-19,Smartphone
U00032,32,Femenino,Lambayeque,2024-07-31,Smartphone
U00033,26,Masculino,Lima,2024-07-20,Smartphone
U00034,31,Femenino,Arequipa,2024-09-13,Smartphone
U00035,19,Masculino,La Libertad,2024-05-20,Smartphone
U00036,26,Femenino,Lima,2024-04-20,Smartphone
U00037,32,Femenino,Lima,2024-04-04,Smartphone
U00038,54,Femenino,Lima,2024-07-12,Smartphone
U00039,49,Femenino,Ica,2024-10-18,Smartphone
U00040,40,Femenino,Ica,2024-08-21,Tablet
U00041,36,Femenino,Lima,2024-08-27,Tablet
U00042,33,Masculino,Lima,2024-08-07,Smartphone
U00043,52,Femenino,Ica,2024-05-18,Smartphone
U00044,16,Masculino,Lima,2024-08-24,Smartphone
U00045,27,Femenino,Lima,2024-08-23,Smartphone
U00046,30,Femenino,Arequipa,2024-07-11,Smartphone
U00047,25,Femenino,Lambayeque,2024-04-03,Web Desktop
U00048,32,Otro,Lima,2024-06-07,Smartphone
U00049,25,Masculino,Cusco,2024-05-11,Smartphone
U00050,32,Masculino,Lima,2024-09-15,Tablet
U00051,32,Femenino,Lima,2024-05-05,Web Desktop
U00052,23,Masculino,Lima,2024-05-24,Smartphone
U00053,34,Masculino,Piura,2024-06-04,Smartphone
U00054,48,Femenino,Lima,2024-04-01,Smartphone
U00055,24,Masculino,Lima,2024-08-20,Smartphone
U00056,37,Femenino,Lima,2024-05-09,Web Desktop
U00057,30,Masculino,Lima,2024-06-18,Smartphone
U00058,28,Masculino,Lima,2024-04-27,Smartphone
U00059,32,Masculino,Lima,2024-05-10,Smartphone
U00060,49,Masculino,Ica,2024-07-15,Web Desktop
U00061,18,Masculino,Lima,2024-10-06,Smartphone
U00062,40,Femenino,Arequipa,2024-04-10,Smartphone
U00063,44,Femenino,Lambayeque,2024-05-29,Smartphone
U00064,24,Femenino,Lima,2024-10-15,Smartphone
U00065,27,Femenino,Ica,2024-04-08,Smartphone
U00066,25,Femenino,Ica,2024-04-28,Smartphone
U00067,30,Masculino,Lima,2024-08-09,Smartphone
U00068,27,Femenino,Lima,2024-08-12,Smartphone
U00069,52,Masculino,Lambayeque,2024-05-21,Smartphone
U00070,28,Masculino,Lambayeque,2024-09-17,Smartphone
U00071,40,Femenino,Lima,2024-09-26,Smartphone
U00072,24,Femenino,Lima,2024-10-09,Smartphone
U00073,52,Masculino,Lima,2024-06-17,Web Desktop
U00074,26,Masculino,Lima,2024-07-23,Smartphone
U00075,29,Femenino,La Libertad,2024-10-06,Tablet
U00076,23,Femenino,Lima,2024-04-24,Smartphone
U00077,39,Masculino,Lima,2024-04-07,Smartphone
U00078,19,Masculino,La Libertad,2024-09-09,Smartphone
U00079,31,Femenino,Lima,2024-04-02,Smartphone
U00080,43,Masculino,Lima,2024-09-26,Web Desktop
U00081,28,Masculino,Lambayeque,2024-05-05,Smartphone
U00082,42,Masculino,Lima,2024-07-23,Tablet
U00083,37,Femenino,Lambayeque,2024-05-11,Smartphone
U00084,36,Femenino,Arequipa,2024-06-10,Web Desktop
U00085,42,Femenino,Lima,2024-09-30,Smartphone
U00086,25,Femenino,Cusco,2024-05-09,Smartphone
U00087,24,Masculino,Lima,2024-08-17,Smartphone
U00088,28,Femenino,Lima,2024-08-28,Web Desktop
U00089,48,Masculino,La Libertad,2024-04-02,Smartphone
U00090,50,Masculino,Piura,2024-07-17,Tablet
U00091,32,Masculino,Cusco,2024-06-09,Smartphone
U00092,28,Femenino,Lima,2024-10-03,Web Desktop
U00093,26,Masculino,Ica,2024-07-10,Smartphone
U00094,28,Femenino,Lima,2024-05-17,Web Desktop
U00095,19,Femenino,Lima,2024-07-07,Smartphone
U00096,26,Femenino,Lima,2024-08-17,Smartphone
U00097,18,Femenino,Lima,2024-04-11,Tablet
U00098,39,Femenino,Lima,2024-05-03,Smartphone
U00099,28,Masculino,Lima,2024-10-14,Smartphone
U00100,32,Masculino,Arequipa,2024-05-12,Smartphone
U00101,53,Masculino,Lambayeque,2024-07-06,Smartphone
U00102,29,Femenino,Lima,2024-04-27,Smartphone
U00103,35,Masculino,Lima,2024-08-23,Smartphone
U00104,40,Femenino,Lima,2024-09-13,Smartphone
U00105,26,Masculino,Lima,2024-09-10,Tablet
U00106,46,Masculino,Lima,2024-09-14,Smartphone
U00107,27,Masculino,Lima,2024-08-30,Web Desktop
U00108,24,Masculino,Lima,2024-06-02,Web Desktop
U00109,42,Masculino,Lima,2024-06-23,Smartphone
U00110,24,Femenino,Lima,2024-08-31,Smartphone
U00111,35,Masculino,Lima,2024-06-01,Smartphone
U00112,36,Masculino,Lima,2024-09-30,Smartphone
U00113,28,Femenino,Lima,2024-06-18,Smartphone
U00114,35,Femenino,Lima,2024-10-08,Smartphone
U00115,30,Masculino,Lima,2024-05-01,Smartphone
U00116,35,Femenino,Lima,2024-05-18,Web Desktop
U00117,26,Femenino,Lima,2024-08-31,Web Desktop
U00118,23,Masculino,Lima,2024-06-17,Smartphone
U00119,20,Femenino,Lima,2024-06-14,Smartphone
U00120,34,Masculino,Arequipa,2024-04-04,Smartphone
U00121,31,Femenino,Lima,2024-06-04,Tablet
U00122,51,Femenino,Lima,2024-08-26,Smartphone
U00123,33,Femenino,Piura,2024-04-22,Web Desktop
U00124,53,Masculino,Lima,2024-09-06,Smartphone
U00125,27,Femenino,Lambayeque,2024-08-29,Smartphone
U00126,55,Masculino,Lima,2024-04-26,Tablet
U00127,49,Masculino,Lima,2024-06-01,Smartphone
U00128,23,Femenino,Lima,2024-07-30,Smartphone
U00129,24,Femenino,Lima,2024-04-19,Web Desktop
U00130,35,Masculino,Lima,2024-05-21,Smartphone
U00131,32,Femenino,Lima,2024-05-07,Smartphone
U00132,17,Masculino,Lima,2024-06-13,Web Desktop
U00133,31,Masculino,Lima,2024-08-07,Web Desktop
U00134,31,Femenino,Lima,2024-06-22,Smartphone
U00135,33,Femenino,Ica,2024-08-26,Web Desktop
U00136,28,Otro,Lima,2024-04-11,Smartphone
U00137,39,Femenino,Lima,2024-05-17,Web Desktop
U00138,56,Masculino,Lima,2024-06-29,Smartphone
U00139,30,Masculino,Piura,2024-09-25,Smartphone
U00140,31,Masculino,Lima,2024-06-20,Smartphone
U00141,23,Masculino,Lima,2024-04-01,Smartphone
U00142,37,Femenino,Lima,2024-09-07,Smartphone
U00143,41,Masculino,Lima,2024-06-13,Smartphone
U00144,31,Femenino,Ica,2024-06-01,Smartphone
U00145,35,Masculino,Lima,2024-04-30,Smartphone
U00146,28,Masculino,Lima,2024-06-14,Web Desktop
U00147,30,Femenino,Lima,2024-07-26,Smartphone
U00148,31,Femenino,Lima,2024-05-05,Smartphone
U00149,45,Masculino,Piura,2024-08-08,Smartphone
U00150,23,Femenino,Lima,2024-09-16,Smartphone
U00151,29,Femenino,Lima,2024-10-13,Smartphone
U00152,31,Masculino,Cusco,2024-06-01,Tablet
U00153,29,Masculino,Lima,2024-07-31,Smartphone
U00154,36,Femenino,Lima,2024-05-09,Web Desktop
U00155,28,Femenino,Ica,2024-04-26,Smartphone
U00156,46,Femenino,Lambayeque,2024-05-07,Smartphone
U00157,29,Femenino,La Libertad,2024-09-07,Smartphone
U00158,33,Masculino,Piura,2024-07-07,Web Desktop
U00159,56,Masculino,Lima,2024-09-09,Smartphone
U00160,35,Otro,Arequipa,2024-04-26,Smartphone
U00161,38,Femenino,Lima,2024-04-12,Web Desktop
U00162,23,Femenino,Lima,2024-08-14,Smartphone
U00163,29,Femenino,Lima,2024-09-06,Web Desktop
U00164,36,Masculino,Lima,2024-06-05,Smartphone
U00165,28,Masculino,Lima,2024-08-18,Smartphone
U00166,26,Masculino,Ica,2024-07-18,Smartphone
U00167,36,Masculino,Lima,2024-08-02,Smartphone
U00168,26,Masculino,Lima,2024-06-15,Tablet
U00169,19,Femenino,Lima,2024-10-08,Smartphone
U00170,57,Masculino,Piura,2024-10-16,Web Desktop
U00171,42,Masculino,Lima,2024-06-04,Smartphone
U00172,34,Masculino,Lambayeque,2024-06-19,Smartphone
U00173,38,Masculino,Arequipa,2024-06-15,Smartphone
U00174,26,Femenino,Lima,2024-07-03,Smartphone
U00175,30,Masculino,Lima,2024-08-02,Web Desktop
U00176,55,Masculino,Lima,2024-04-20,Smartphone
U00177,24,Masculino,Arequipa,2024-08-21,Tablet
U00178,31,Femenino,Lima,2024-09-20,Smartphone
U00179,35,Masculino,Piura,2024-04-28,Web Desktop
U00180,36,Femenino,Cusco,2024-09-04,Smartphone
U00181,23,Masculino,Lima,2024-09-14,Smartphone
U00182,29,Femenino,Lima,2024-04-30,Tablet
U00183,20,Femenino,Lima,2024-10-08,Smartphone
U00184,37,Femenino,Arequipa,2024-07-16,Smartphone
U00185,36,Masculino,Lambayeque,2024-09-24,Smartphone
U00186,31,Femenino,Lima,2024-09-23,Smartphone
U00187,30,Femenino,Lima,2024-07-26,Tablet
U00188,17,Masculino,Lima,2024-06-25,Smartphone
U00189,24,Masculino,Lima,2024-08-20,Web Desktop
U00190,24,Masculino,Lima,2024-08-31,Web Desktop
U00191,17,Masculino,Lima,2024-04-29,Web Desktop
U00192,33,Femenino,Lima,2024-08-29,Web Desktop
U00193,24,Femenino,Lima,2024-04-30,Smartphone
U00194,36,Femenino,Lima,2024-07-25,Smartphone
U00195,32,Femenino,La Libertad,2024-08-12,Web Desktop
U00196,23,Femenino,Lima,2024-09-23,Smartphone
U00197,26,Femenino,Lima,2024-04-17,Smartphone
U00198,27,Masculino,Lima,2024-08-31,Smartphone
U00199,31,Femenino,Lima,2024-04-30,Web Desktop
U00200,47,Masculino,Lima,2024-05-29,Smartphone
U00201,31,Femenino,Arequipa,2024-06-20,Smartphone
U00202,35,Masculino,Lima,2024-04-24,Smartphone
U00203,38,Femenino,Arequipa,2024-05-04,Smartphone
U00204,32,Masculino,Lima,2024-07-15,Smartphone
U00205,31,Masculino,Arequipa,2024-09-01,Tablet
U00206,23,Masculino,Lima,2024-05-28,Smartphone
U00207,40,Masculino,Lima,2024-08-25,Web Desktop
U00208,26,Masculino,Ica,2024-09-05,Web Desktop
U00209,37,Femenino,Lambayeque,2024-06-08,Web Desktop
U00210,18,Masculino,Lima,2024-04-02,Smartphone
U00211,24,Masculino,Lima,2024-09-10,Smartphone
U00212,53,Masculino,Lima,2024-06-27,Smartphone
U00213,25,Masculino,La Libertad,2024-04-22,Smartphone
U00214,44,Femenino,Lima,2024-06-09,Smartphone
U00215,31,Femenino,Lima,2024-10-11,Smartphone
U00216,30,Femenino,Lima,2024-08-03,Smartphone
U00217,30,Femenino,Lima,2024-04-02,Smartphone
U00218,24,Masculino,La Libertad,2024-05-01,Smartphone
U00219,19,Femenino,Lima,2024-08-07,Smartphone
U00220,30,Femenino,Cusco,2024-04-05,Smartphone
U00221,28,Masculino,Lima,2024-09-29,Smartphone
U00222,35,Femenino,Lima,2024-09-06,Smartphone
U00223,30,Femenino,Piura,2024-08-29,Smartphone
U00224,28,Femenino,Lima,2024-06-25,Smartphone
U00225,38,Femenino,Lima,2024-10-16,Smartphone
U00226,24,Femenino,Lima,2024-09-02,Smartphone
U00227,23,Femenino,La Libertad,2024-10-11,Smartphone
U00228,32,Femenino,Lambayeque,2024-09-10,Smartphone
U00229,55,Masculino,Lima,2024-04-18,Smartphone
U00230,30,Masculino,Lima,2024-04-19,Smartphone
U00231,26,Femenino,Lima,2024-09-13,Smartphone
U00232,43,Masculino,Lima,2024-08-20,Smartphone
U00233,53,Femenino,La Libertad,2024-06-22,Smartphone
U00234,37,Femenino,Lima,2024-06-27,Smartphone
U00235,53,Femenino,Lima,2024-07-22,Smartphone
U00236,57,Femenino,Lima,2024-06-12,Smartphone
U00237,30,Masculino,Lima,2024-06-25,Smartphone
U00238,16,Masculino,Lima,2024-09-16,Smartphone
U00239,57,Masculino,Lima,2024-05-07,Smartphone
U00240,50,Masculino,Lima,2024-08-31,Smartphone
U00241,33,Femenino,Lima,2024-05-03,Web Desktop
U00242,37,Femenino,Lima,2024-04-05,Smartphone
U00243,29,Masculino,Lima,2024-05-20,Web Desktop
U00244,24,Femenino,Lima,2024-08-08,Web Desktop
U00245,42,Femenino,Lima,2024-05-04,Web Desktop
U00246,29,Femenino,Piura,2024-05-13,Web Desktop
U00247,33,Femenino,Lima,2024-07-23,Smartphone
U00248,36,Femenino,Lima,2024-10-18,Tablet
U00249,29,Femenino,Lambayeque,2024-07-28,Tablet
U00250,41,Femenino,Lima,2024-05-22,Smartphone
U00251,39,Masculino,Lima,2024-07-05,Smartphone
U00252,28,Masculino,Lima,2024-04-22,Smartphone
U00253,40,Femenino,Lima,2024-04-24,Web Desktop
U00254,49,Masculino,Cusco,2024-07-16,Web Desktop
U00255,20,Femenino,Lima,2024-05-28,Smartphone
U00256,16,Masculino,Lima,2024-05-06,Web Desktop
U00257,19,Masculino,Lima,2024-07-24,Smartphone
U00258,33,Femenino,Lima,2024-10-04,Smartphone
U00259,36,Femenino,Lima,2024-04-13,Smartphone
U00260,27,Femenino,Lima,2024-08-31,Web Desktop
U00261,32,Masculino,Arequipa,2024-04-01,Smartphone
U00262,34,Masculino,Lima,2024-08-13,Smartphone
U00263,53,Masculino,Lima,2024-08-08,Web Desktop
U00264,31,Masculino,Lima,2024-07-05,Smartphone
U00265,23,Femenino,Lima,2024-09-16,Smartphone
U00266,37,Masculino,Lima,2024-08-18,Smartphone
U00267,24,Masculino,Lima,2024-08-01,Tablet
U00268,34,Femenino,La Libertad,2024-06-15,Smartphone
U00269,24,Masculino,Lima,2024-07-11,Smartphone
U00270,57,Femenino,Lima,2024-06-13,Smartphone
U00271,28,Masculino,Lima,2024-07-04,Smartphone
U00272,31,Masculino,Cusco,2024-05-18,Smartphone
U00273,31,Femenino,La Libertad,2024-04-22,Smartphone
U00274,33,Femenino,Ica,2024-06-15,Smartphone
U00275,23,Femenino,Lima,2024-10-01,Smartphone
U00276,31,Femenino,Lima,2024-06-30,Web Desktop
U00277,36,Femenino,Ica,2024-04-20,Web Desktop
U00278,36,Femenino,La Libertad,2024-04-08,Smartphone
U00279,27,Masculino,Lima,2024-05-31,Smartphone
U00280,40,Femenino,Lambayeque,2024-05-10,Smartphone
U00281,35,Femenino,La Libertad,2024-08-14,Smartphone
U00282,30,Masculino,Lima,2024-10-06,Smartphone
U00283,27,Femenino,Lima,2024-06-06,Smartphone
U00284,34,Otro,Lima,2024-08-04,Web Desktop
U00285,24,Masculino,Lima,2024-07-23,Web Desktop
U00286,55,Masculino,Arequipa,2024-06-14,Smartphone
U00287,44,Masculino,Lambayeque,2024-07-02,Smartphone
U00288,28,Masculino,La Libertad,2024-08-05,Smartphone
U00289,20,Masculino,Lima,2024-05-04,Tablet
U00290,33,Femenino,Lima,2024-08-01,Smartphone
U00291,31,Masculino,Lima,2024-09-12,Tablet
U00292,19,Masculino,Lima,2024-10-17,Web Desktop
U00293,32,Femenino,Ica,2024-04-15,Smartphone
U00294,42,Femenino,Lima,2024-09-29,Smartphone
U00295,27,Masculino,Piura,2024-09-10,Smartphone
U00296,55,Femenino,Lima,2024-08-07,Smartphone
U00297,37,Masculino,Lima,2024-10-02,Smartphone
U00298,50,Masculino,Lima,2024-04-08,Web Desktop
U00299,20,Femenino,Lima,2024-09-06,Smartphone
U00300,36,Masculino,Lima,2024-06-17,Smartphone
U00301,31,Femenino,Lima,2024-07-22,Smartphone
U00302,31,Femenino,Lima,2024-10-01,Smartphone
U00303,25,Masculino,Lima,2024-08-22,Smartphone
U00304,24,Femenino,Lima,2024-04-25,Smartphone
U00305,19,Masculino,Lima,2024-05-11,Tablet
U00306,42,Masculino,Lima,2024-08-10,Smartphone
U00307,30,Femenino,Lima,2024-07-27,Smartphone
U00308,54,Masculino,Lima,2024-08-31,Smartphone
U00309,46,Femenino,Lima,2024-05-05,Smartphone
U00310,45,Masculino,Lima,2024-08-24,Smartphone
U00311,30,Masculino,Lima,2024-10-13,Smartphone
U00312,32,Masculino,Lima,2024-07-10,Tablet
U00313,30,Masculino,Lima,2024-09-02,Smartphone
U00314,32,Femenino,Lima,2024-07-31,Smartphone
U00315,29,Masculino,Lima,2024-09-04,Smartphone
U00316,26,Otro,Arequipa,2024-06-26,Smartphone
U00317,32,Femenino,Arequipa,2024-04-05,Smartphone
U00318,28,Masculino,Lima,2024-10-03,Web Desktop
U00319,43,Masculino,Lima,2024-10-16,Smartphone
U00320,29,Masculino,Lima,2024-09-09,Smartphone
U00321,36,Femenino,Lima,2024-09-27,Smartphone
U00322,23,Femenino,Lima,2024-05-23,Smartphone
U00323,32,Masculino,Cusco,2024-04-16,Smartphone
U00324,37,Femenino,Lima,2024-08-13,Smartphone
U00325,29,Femenino,Lima,2024-09-21,Smartphone
U00326,40,Masculino,Lima,2024-08-21,Smartphone
U00327,25,Masculino,Arequipa,2024-08-04,Smartphone
U00328,25,Masculino,Lambayeque,2024-06-13,Smartphone
U00329,27,Femenino,Ica,2024-10-15,Web Desktop
U00330,40,Femenino,Ica,2024-07-23,Smartphone
U00331,36,Femenino,Piura,2024-08-22,Smartphone
U00332,34,Femenino,Arequipa,2024-04-13,Smartphone
U00333,37,Femenino,Lima,2024-06-24,Smartphone
U00334,33,Masculino,Lima,2024-05-11,Tablet
U00335,31,Femenino,Lima,2024-06-22,Tablet
U00336,23,Masculino,Lima,2024-08-15,Smartphone
U00337,33,Masculino,Lima,2024-05-16,Web Desktop
U00338,48,Otro,Lima,2024-10-09,Smartphone
U00339,55,Masculino,Lima,2024-04-28,Smartphone
U00340,50,Femenino,Ica,2024-08-05,Smartphone
U00341,44,Masculino,Lima,2024-04-29,Smartphone
U00342,26,Masculino,Arequipa,2024-06-26,Smartphone
U00343,42,Masculino,Lima,2024-09-11,Smartphone
U00344,46,Femenino,Lima,2024-05-18,Smartphone
U00345,56,Femenino,Lima,2024-05-31,Smartphone
U00346,30,Masculino,Lima,2024-04-03,Smartphone
U00347,25,Masculino,Lima,2024-06-18,Smartphone
U00348,27,Masculino,Cusco,2024-09-24,Web Desktop
U00349,25,Femenino,Lima,2024-08-01,Tablet
U00350,27,Femenino,Arequipa,2024-10-11,Web Desktop
U00351,29,Masculino,Lima,2024-04-21,Smartphone
U00352,32,Masculino,Lima,2024-04-16,Smartphone
U00353,42,Femenino,Lima,2024-08-12,Smartphone
U00354,29,Masculino,Lima,2024-07-24,Web Desktop
U00355,41,Femenino,Lima,2024-08-22,Smartphone
U00356,30,Masculino,Lima,2024-10-08,Web Desktop
U00357,23,Femenino,Lima,2024-04-16,Smartphone
U00358,48,Masculino,Lima,2024-05-17,Smartphone
U00359,41,Femenino,Cusco,2024-07-06,Smartphone
U00360,32,Femenino,Cusco,2024-08-16,Smartphone
U00361,29,Masculino,Lima,2024-04-06,Smartphone
U00362,56,Masculino,Lima,2024-05-29,Smartphone
U00363,25,Femenino,Lima,2024-10-13,Web Desktop
U00364,26,Masculino,Lambayeque,2024-06-01,Web Desktop
U00365,23,Masculino,Lima,2024-04-13,Smartphone
U00366,23,Femenino,Lima,2024-10-16,Smartphone
U00367,20,Otro,Lima,2024-08-26,Web Desktop
U00368,27,Masculino,Piura,2024-05-07,Smartphone
U00369,57,Femenino,Lima,2024-08-30,Smartphone
U00370,44,Masculino,Lima,2024-06-28,Smartphone
U00371,51,Masculino,Lima,2024-05-09,Smartphone
U00372,24,Masculino,Lima,2024-06-16,Web Desktop
U00373,44,Masculino,Lambayeque,2024-07-16,Smartphone
U00374,29,Femenino,Lima,2024-04-21,Smartphone
U00375,50,Femenino,Arequipa,2024-06-08,Smartphone
U00376,32,Masculino,Cusco,2024-10-12,Smartphone
U00377,32,Femenino,Lima,2024-06-17,Web Desktop
U00378,53,Femenino,Lima,2024-10-09,Smartphone
U00379,56,Masculino,Lima,2024-07-11,Smartphone
U00380,52,Femenino,Lima,2024-09-14,Smartphone
U00381,30,Femenino,Cusco,2024-10-02,Smartphone
U00382,30,Masculino,Lima,2024-08-23,Smartphone
U00383,44,Femenino,Lima,2024-10-02,Smartphone
U00384,29,Femenino,Lima,2024-06-02,Smartphone
U00385,30,Femenino,Piura,2024-09-12,Tablet
U00386,36,Femenino,La Libertad,2024-10-02,Smartphone
U00387,29,Masculino,Lima,2024-04-16,Smartphone
U00388,28,Masculino,Lima,2024-07-15,Web Desktop
U00389,24,Femenino,Lima,2024-07-26,Smartphone
U00390,32,Masculino,Lambayeque,2024-09-16,Web Desktop
U00391,28,Femenino,Lima,2024-10-02,Smartphone
U00392,25,Femenino,Piura,2024-05-16,Smartphone
U00393,23,Femenino,Lima,2024-06-04,Smartphone
U00394,40,Masculino,Lima,2024-07-27,Tablet
U00395,29,Femenino,Piura,2024-09-14,Smartphone
U00396,38,Femenino,Lima,2024-09-11,Smartphone
U00397,17,Femenino,Piura,2024-06-24,Smartphone
U00398,28,Masculino,Lambayeque,2024-09-25,Smartphone
U00399,46,Femenino,Lambayeque,2024-06-11,Smartphone
U00400,47,Masculino,Lima,2024-04-05,Web Desktop
U00401,57,Femenino,Piura,2024-04-20,Web Desktop
U00402,27,Femenino,Piura,2024-08-17,Smartphone
U00403,24,Masculino,Lima,2024-10-08,Smartphone
U00404,53,Femenino,Lima,2024-09-02,Smartphone
U00405,42,Femenino,La Libertad,2024-06-09,Smartphone
U00406,41,Femenino,Lima,2024-07-20,Web Desktop
U00407,27,Masculino,Lima,2024-06-03,Smartphone
U00408,33,Femenino,Lima,2024-05-10,Web Desktop
U00409,35,Femenino,Lima,2024-07-23,Web Desktop
U00410,30,Femenino,Lima,2024-08-21,Smartphone
U00411,31,Femenino,Lima,2024-08-31,Smartphone
U00412,30,Masculino,Lima,2024-10-17,Smartphone
U00413,20,Masculino,Ica,2024-05-14,Smartphone
U00414,34,Femenino,Lima,2024-04-17,Smartphone
U00415,25,Femenino,Lima,2024-06-04,Smartphone
U00416,51,Masculino,Lima,2024-06-17,Smartphone
U00417,19,Femenino,Lima,2024-06-24,Web Desktop
U00418,31,Masculino,Piura,2024-05-05,Tablet
U00419,27,Masculino,Lima,2024-07-11,Smartphone
U00420,55,Masculino,Lima,2024-10-18,Tablet
U00421,26,Femenino,La Libertad,2024-08-23,Smartphone
U00422,27,Femenino,La Libertad,2024-10-04,Smartphone
U00423,29,Femenino,Lima,2024-07-14,Smartphone
U00424,34,Masculino,Lima,2024-10-01,Smartphone
U00425,31,Femenino,Ica,2024-07-12,Smartphone
U00426,31,Masculino,La Libertad,2024-08-16,Smartphone
U00427,28,Femenino,Lima,2024-05-13,Smartphone
U00428,33,Masculino,Lima,2024-10-10,Smartphone
U00429,26,Femenino,Lima,2024-10-09,Smartphone
U00430,32,Masculino,Lima,2024-07-28,Smartphone
U00431,42,Masculino,Lima,2024-08-02,Tablet
U00432,26,Masculino,Lima,2024-10-04,Web Desktop
U00433,25,Femenino,La Libertad,2024-06-29,Smartphone
U00434,31,Masculino,Lima,2024-04-12,Smartphone
U00435,38,Femenino,Lima,2024-05-13,Smartphone
U00436,49,Femenino,Lima,2024-07-19,Smartphone
U00437,54,Masculino,Lima,2024-09-16,Smartphone
U00438,28,Masculino,Cusco,2024-07-19,Smartphone
U00439,29,Femenino,Arequipa,2024-04-17,Web Desktop
U00440,32,Femenino,Lima,2024-06-07,Smartphone
U00441,36,Femenino,Lima,2024-09-04,Smartphone
U00442,28,Femenino,Piura,2024-09-20,Smartphone
U00443,35,Masculino,Lima,2024-06-20,Smartphone
U00444,25,Femenino,Lima,2024-07-09,Smartphone
U00445,29,Masculino,Lima,2024-08-16,Smartphone
U00446,34,Masculino,Lima,2024-06-20,Smartphone
U00447,42,Femenino,Lima,2024-05-05,Smartphone
U00448,26,Masculino,Lima,2024-09-23,Smartphone
U00449,31,Femenino,Lima,2024-10-12,Smartphone
U00450,23,Femenino,Lima,2024-07-27,Smartphone
U00451,31,Masculino,Lima,2024-10-16,Smartphone
U00452,30,Masculino,Arequipa,2024-07-22,Web Desktop
U00453,31,Femenino,Piura,2024-06-16,Web Desktop
U00454,43,Femenino,Lima,2024-07-22,Web Desktop
U00455,43,Masculino,Lima,2024-08-29,Web Desktop
U00456,37,Masculino,Lima,2024-05-23,Smartphone
U00457,38,Masculino,Lima,2024-05-14,Smartphone
U00458,25,Femenino,Lima,2024-09-21,Web Desktop
U00459,39,Masculino,La Libertad,2024-06-10,Web Desktop
U00460,44,Masculino,Lima,2024-06-22,Smartphone
U00461,41,Femenino,Lima,2024-07-16,Smartphone
U00462,28,Masculino,Cusco,2024-08-10,Smartphone
U00463,35,Femenino,Lima,2024-10-16,Smartphone
U00464,38,Masculino,Lima,2024-07-01,Smartphone
U00465,47,Femenino,Ica,2024-08-05,Web Desktop
U00466,25,Femenino,Lima,2024-08-03,Smartphone
U00467,38,Femenino,Lima,2024-04-05,Web Desktop
U00468,24,Femenino,Lima,2024-05-22,Tablet
U00469,54,Masculino,Lima,2024-06-10,Web Desktop
U00470,18,Femenino,Lima,2024-05-13,Web Desktop
U00471,18,Masculino,Arequipa,2024-04-24,Smartphone
U00472,33,Femenino,Lima,2024-08-11,Smartphone
U00473,33,Femenino,Lima,2024-07-18,Smartphone
U00474,36,Femenino,Lima,2024-04-27,Smartphone
U00475,25,Masculino,Lima,2024-10-10,Web Desktop
U00476,44,Femenino,Lima,2024-05-13,Smartphone
U00477,29,Masculino,Lima,2024-09-23,Smartphone
U00478,29,Femenino,Lima,2024-08-29,Web Desktop
U00479,35,Masculino,Lima,2024-06-10,Smartphone
U00480,34,Masculino,Lima,2024-10-17,Smartphone
U00481,48,Masculino,Lima,2024-08-11,Smartphone
U00482,34,Masculino,Lima,2024-06-01,Smartphone
U00483,28,Femenino,Lima,2024-04-04,Smartphone
U00484,55,Femenino,Cusco,2024-07-03,Smartphone
U00485,29,Masculino,Ica,2024-04-05,Web Desktop
U00486,28,Femenino,Lima,2024-07-11,Smartphone
U00487,32,Masculino,Lima,2024-09-11,Smartphone
U00488,32,Femenino,Lima,2024-05-23,Smartphone
U00489,54,Femenino,Lima,2024-09-14,Smartphone
U00490,33,Femenino,Lima,2024-06-01,Tablet
U00491,16,Masculino,Lima,2024-04-15,Smartphone
U00492,24,Femenino,Arequipa,2024-05-12,Smartphone
U00493,30,Femenino,La Libertad,2024-05-13,Smartphone
U00494,30,Masculino,Lima,2024-06-25,Web Desktop
U00495,40,Femenino,Lima,2024-09-08,Tablet
U00496,19,Femenino,Lima,2024-05-13,Web Desktop
U00497,30,Masculino,Cusco,2024-04-30,Smartphone
U00498,27,Femenino,Piura,2024-04-12,Smartphone
U00499,31,Masculino,Lima,2024-04-10,Tablet
U00500,31,Femenino,Lima,2024-06-21,Web Desktop
U00501,23,Masculino,Lima,2024-04-14,Smartphone
U00502,27,Masculino,Ica,2024-07-29,Smartphone
U00503,45,Femenino,Lima,2024-05-22,Smartphone
U00504,25,Masculino,Lima,2024-08-05,Smartphone
U00505,54,Masculino,Lima,2024-05-09,Web Desktop
U00506,19,Femenino,Lima,2024-09-25,Smartphone
U00507,45,Femenino,Lima,2024-10-04,Web Desktop
U00508,24,Femenino,Lima,2024-04-16,Smartphone
U00509,54,Masculino,Lima,2024-08-12,Web Desktop
U00510,30,Femenino,Arequipa,2024-08-08,Smartphone
U00511,26,Femenino,Lima,2024-05-04,Smartphone
U00512,25,Masculino,Lambayeque,2024-10-06,Smartphone
U00513,26,Femenino,Lima,2024-10-17,Smartphone
U00514,38,Femenino,Lima,2024-07-14,Smartphone
U00515,25,Masculino,Lima,2024-06-07,Smartphone
U00516,43,Femenino,Lima,2024-09-26,Web Desktop
U00517,34,Masculino,Lima,2024-06-03,Smartphone
U00518,56,Femenino,Lima,2024-05-15,Smartphone
U00519,19,Masculino,Lima,2024-04-25,Smartphone
U00520,29,Femenino,Lima,2024-05-27,Web Desktop
U00521,26,Femenino,Lima,2024-08-28,Smartphone
U00522,28,Femenino,Lima,2024-07-23,Web Desktop
U00523,38,Masculino,Piura,2024-04-11,Smartphone
U00524,48,Femenino,Lima,2024-07-11,Web Desktop
U00525,31,Masculino,Lima,2024-05-18,Smartphone
U00526,26,Masculino,Lima,2024-06-02,Smartphone
U00527,36,Femenino,Lima,2024-06-11,Smartphone
U00528,31,Femenino,Cusco,2024-09-09,Smartphone
U00529,57,Masculino,Ica,2024-07-01,Web Desktop
U00530,31,Femenino,Lima,2024-06-09,Smartphone
U00531,25,Masculino,Lima,2024-06-11,Web Desktop
U00532,19,Femenino,La Libertad,2024-05-11,Tablet
U00533,24,Femenino,Piura,2024-04-15,Web Desktop
U00534,39,Masculino,Ica,2024-05-15,Smartphone
U00535,27,Femenino,Arequipa,2024-08-30,Smartphone
U00536,18,Masculino,Lima,2024-05-19,Smartphone
U00537,41,Masculino,Lima,2024-04-15,Smartphone
U00538,24,Femenino,Lima,2024-09-05,Smartphone
U00539,24,Femenino,Lima,2024-06-22,Web Desktop
U00540,17,Masculino,Lambayeque,2024-08-13,Web Desktop
U00541,43,Femenino,Lambayeque,2024-04-26,Smartphone
U00542,25,Femenino,Lima,2024-09-11,Web Desktop
U00543,55,Femenino,Ica,2024-09-05,Smartphone
U00544,39,Masculino,Piura,2024-10-05,Smartphone
U00545,34,Femenino,Lima,2024-08-25,Smartphone
U00546,32,Femenino,Lima,2024-09-04,Web Desktop
U00547,27,Femenino,Lima,2024-04-20,Smartphone
U00548,25,Femenino,Cusco,2024-09-29,Smartphone
U00549,35,Femenino,Lima,2024-04-18,Smartphone
U00550,28,Masculino,Lima,2024-07-17,Smartphone
U00551,56,Femenino,Lima,2024-04-26,Smartphone
U00552,42,Masculino,Lima,2024-04-19,Smartphone
U00553,38,Femenino,Lima,2024-04-19,Tablet
U00554,26,Femenino,Lima,2024-04-24,Web Desktop
U00555,27,Masculino,Arequipa,2024-09-15,Smartphone
U00556,26,Femenino,Lima,2024-05-19,Smartphone
U00557,32,Masculino,Arequipa,2024-06-12,Smartphone
U00558,23,Femenino,Lima,2024-05-10,Web Desktop
U00559,16,Femenino,Lima,2024-09-01,Smartphone
U00560,28,Femenino,Lima,2024-04-21,Smartphone
U00561,28,Femenino,Lima,2024-09-17,Smartphone
U00562,27,Femenino,Lima,2024-05-18,Smartphone
U00563,30,Femenino,Lima,2024-08-23,Web Desktop
U00564,16,Femenino,Lima,2024-10-11,Smartphone
U00565,32,Femenino,Lima,2024-08-16,Smartphone
U00566,36,Masculino,Lima,2024-07-11,Smartphone
U00567,48,Femenino,Lambayeque,2024-09-21,Web Desktop
U00568,54,Femenino,Arequipa,2024-05-13,Smartphone
U00569,54,Femenino,Lima,2024-07-21,Tablet
U00570,24,Masculino,Lima,2024-04-18,Web Desktop
U00571,20,Femenino,Lima,2024-07-27,Smartphone
U00572,48,Masculino,Lima,2024-07-17,Smartphone
U00573,24,Femenino,Lima,2024-04-26,Web Desktop
U00574,52,Masculino,La Libertad,2024-06-28,Web Desktop
U00575,45,Femenino,Lima,2024-04-10,Smartphone
U00576,26,Femenino,Lima,2024-04-10,Smartphone
U00577,30,Masculino,Lima,2024-06-08,Smartphone
U00578,43,Femenino,La Libertad,2024-08-04,Smartphone
U00579,43,Masculino,Lima,2024-10-08,Smartphone
U00580,30,Femenino,Lima,2024-05-19,Smartphone
U00581,31,Masculino,Arequipa,2024-04-15,Web Desktop
U00582,29,Femenino,Arequipa,2024-10-17,Smartphone
U00583,47,Femenino,Lima,2024-04-15,Web Desktop
U00584,26,Femenino,Lima,2024-07-04,Smartphone
U00585,42,Femenino,Lambayeque,2024-06-01,Smartphone
U00586,32,Femenino,Ica,2024-08-20,Smartphone
U00587,24,Masculino,Lima,2024-04-24,Web Desktop
U00588,26,Femenino,Piura,2024-05-25,Web Desktop
U00589,44,Masculino,Lima,2024-04-06,Smartphone
U00590,43,Femenino,Lima,2024-04-03,Smartphone
U00591,27,Masculino,Lima,2024-09-12,Tablet
U00592,26,Masculino,Lima,2024-06-17,Smartphone
U00593,37,Femenino,Lima,2024-09-17,Smartphone
U00594,55,Masculino,Lima,2024-09-23,Smartphone
U00595,23,Femenino,Lima,2024-06-10,Smartphone
U00596,25,Femenino,Lima,2024-04-15,Smartphone
U00597,42,Femenino,Lima,2024-04-07,Smartphone
U00598,35,Femenino,Lima,2024-04-10,Smartphone
U00599,32,Masculino,Lima,2024-09-23,Smartphone
U00600,31,Masculino,Lima,2024-05-14,Smartphone
U00601,42,Femenino,Lima,2024-06-06,Smartphone
U00602,37,Masculino,Lima,2024-06-25,Smartphone
U00603,34,Femenino,Arequipa,2024-06-24,Smartphone
U00604,32,Femenino,Piura,2024-09-10,Smartphone
U00605,32,Femenino,Cusco,2024-09-22,Smartphone
U00606,30,Femenino,Cusco,2024-05-22,Smartphone
U00607,27,Masculino,Ica,2024-10-01,Smartphone
U00608,23,Femenino,Lima,2024-09-10,Smartphone
U00609,19,Femenino,La Libertad,2024-10-13,Smartphone
U00610,23,Femenino,Lima,2024-07-19,Smartphone
U00611,56,Femenino,Lima,2024-04-04,Smartphone
U00612,47,Femenino,Lima,2024-06-03,Smartphone
U00613,25,Femenino,Lima,2024-06-18,Smartphone
U00614,23,Femenino,Lima,2024-08-31,Smartphone
U00615,31,Masculino,Ica,2024-08-04,Smartphone
U00616,29,Femenino,Lambayeque,2024-04-05,Web Desktop
U00617,24,Femenino,Lima,2024-05-02,Smartphone
U00618,28,Femenino,Lima,2024-09-07,Web Desktop
U00619,16,Masculino,Lima,2024-09-24,Smartphone
U00620,26,Femenino,Lima,2024-05-10,Smartphone
U00621,23,Femenino,Lima,2024-06-09,Smartphone
U00622,34,Femenino,Cusco,2024-09-06,Smartphone
U00623,23,Masculino,Lima,2024-10-17,Smartphone
U00624,27,Masculino,Lima,2024-05-12,Smartphone
U00625,19,Masculino,Lima,2024-05-31,Smartphone
U00626,16,Masculino,Piura,2024-05-09,Smartphone
U00627,52,Femenino,Arequipa,2024-09-12,Web Desktop
U00628,25,Femenino,Lima,2024-04-11,Web Desktop
U00629,45,Masculino,Lima,2024-04-25,Smartphone
U00630,43,Femenino,Lima,2024-06-24,Smartphone
U00631,31,Masculino,Lima,2024-07-05,Smartphone
U00632,39,Femenino,Lima,2024-07-08,Smartphone
U00633,36,Masculino,Lima,2024-04-29,Web Desktop
U00634,23,Masculino,Piura,2024-08-30,Smartphone
U00635,32,Masculino,Lima,2024-07-01,Smartphone
U00636,34,Femenino,Lima,2024-07-22,Web Desktop
U00637,18,Masculino,Lima,2024-08-13,Web Desktop
U00638,42,Masculino,Lima,2024-06-26,Tablet
U00639,32,Femenino,Lima,2024-06-28,Smartphone
U00640,36,Femenino,Piura,2024-09-04,Web Desktop
U00641,17,Femenino,Lima,2024-05-13,Smartphone
U00642,19,Femenino,Lima,2024-08-08,Smartphone
U00643,26,Femenino,Lima,2024-08-25,Smartphone
U00644,31,Femenino,Lima,2024-09-15,Smartphone
U00645,19,Femenino,Lima,2024-04-24,Smartphone
U00646,42,Masculino,Cusco,2024-09-15,Smartphone
U00647,35,Femenino,Lima,2024-07-26,Smartphone
U00648,27,Masculino,Arequipa,2024-07-25,Smartphone
U00649,24,Femenino,Lima,2024-06-14,Smartphone
U00650,30,Masculino,Lima,2024-05-06,Smartphone
U00651,41,Femenino,Lima,2024-07-10,Smartphone
U00652,24,Masculino,Lima,2024-09-10,Smartphone
U00653,42,Femenino,Cusco,2024-08-29,Smartphone
U00654,54,Masculino,Lima,2024-08-20,Smartphone
U00655,52,Femenino,Lima,2024-05-16,Web Desktop
U00656,34,Masculino,Lima,2024-09-01,Smartphone
U00657,35,Femenino,Lima,2024-09-25,Tablet
U00658,40,Femenino,Lima,2024-05-05,Smartphone
U00659,27,Masculino,Arequipa,2024-09-27,Smartphone
U00660,30,Masculino,Lambayeque,2024-05-22,Smartphone
U00661,25,Masculino,Lambayeque,2024-09-29,Smartphone
U00662,34,Femenino,Lima,2024-04-30,Smartphone
U00663,42,Femenino,Lima,2024-07-16,Smartphone
U00664,37,Femenino,Piura,2024-08-12,Web Desktop
U00665,26,Femenino,Lima,2024-10-10,Smartphone
U00666,40,Masculino,Lima,2024-10-18,Smartphone
U00667,27,Femenino,Piura,2024-09-20,Smartphone
U00668,34,Masculino,Lima,2024-10-18,Smartphone
U00669,40,Masculino,Lima,2024-07-16,Smartphone
U00670,55,Masculino,Lima,2024-05-22,Smartphone
U00671,36,Masculino,Lambayeque,2024-09-13,Smartphone
U00672,32,Masculino,Lima,2024-05-20,Web Desktop
U00673,24,Masculino,Lima,2024-10-06,Tablet
U00674,31,Femenino,Lima,2024-05-12,Smartphone
U00675,30,Femenino,Lima,2024-04-11,Web Desktop
U00676,25,Masculino,La Libertad,2024-09-17,Smartphone
U00677,27,Masculino,Lima,2024-08-13,Smartphone
U00678,24,Femenino,La Libertad,2024-08-18,Smartphone
U00679,28,Femenino,Cusco,2024-06-24,Smartphone
U00680,29,Masculino,Lima,2024-08-22,Smartphone
U00681,38,Femenino,Lima,2024-09-12,Smartphone
U00682,37,Femenino,Lima,2024-07-07,Web Desktop
U00683,48,Femenino,Lima,2024-08-11,Smartphone
U00684,40,Femenino,Lima,2024-06-15,Smartphone
U00685,44,Femenino,Lima,2024-10-15,Smartphone
U00686,28,Masculino,Lima,2024-05-25,Smartphone
U00687,46,Masculino,Lima,2024-10-07,Web Desktop
U00688,38,Masculino,Lima,2024-06-24,Smartphone
U00689,16,Femenino,La Libertad,2024-08-26,Smartphone
U00690,40,Femenino,Lima,2024-06-20,Smartphone
U00691,16,Femenino,Lima,2024-10-11,Smartphone
U00692,33,Masculino,Lima,2024-04-28,Web Desktop
U00693,25,Masculino,Lima,2024-07-07,Web Desktop
U00694,28,Femenino,Lima,2024-07-10,Smartphone
U00695,42,Femenino,Lima,2024-10-04,Smartphone
U00696,33,Masculino,Lima,2024-04-02,Smartphone
U00697,31,Femenino,Lambayeque,2024-10-09,Smartphone
U00698,35,Femenino,Lambayeque,2024-05-07,Web Desktop
U00699,24,Masculino,Lima,2024-09-19,Smartphone
U00700,38,Masculino,Lambayeque,2024-07-28,Tablet
U00701,33,Femenino,Lima,2024-10-03,Smartphone
U00702,30,Femenino,Lima,2024-06-12,Smartphone
U00703,34,Femenino,Lima,2024-06-18,Smartphone
U00704,34,Masculino,Lima,2024-07-19,Smartphone
U00705,25,Femenino,Lima,2024-07-21,Smartphone
U00706,25,Femenino,Arequipa,2024-07-28,Web Desktop
U00707,30,Femenino,Lima,2024-04-21,Smartphone
U00708,39,Masculino,Lima,2024-09-08,Smartphone
U00709,16,Masculino,Piura,2024-08-27,Smartphone
U00710,32,Femenino,Lima,2024-08-17,Smartphone
U00711,29,Femenino,Lima,2024-10-05,Web Desktop
U00712,44,Femenino,Lima,2024-08-07,Smartphone
U00713,17,Masculino,La Libertad,2024-05-13,Smartphone
U00714,39,Femenino,Lima,2024-09-16,Web Desktop
U00715,44,Masculino,Lima,2024-05-27,Smartphone
U00716,39,Femenino,Lima,2024-05-23,Smartphone
U00717,30,Femenino,Lambayeque,2024-04-11,Web Desktop
U00718,55,Femenino,Ica,2024-06-10,Smartphone
U00719,40,Masculino,Lima,2024-07-06,Smartphone
U00720,28,Femenino,Lima,2024-08-11,Web Desktop
U00721,30,Femenino,Lima,2024-08-07,Smartphone
U00722,46,Femenino,Lima,2024-05-25,Smartphone
U00723,24,Femenino,Arequipa,2024-05-29,Smartphone
U00724,30,Masculino,Lima,2024-05-24,Smartphone
U00725,31,Femenino,Lima,2024-05-12,Smartphone
U00726,27,Femenino,Lima,2024-06-06,Smartphone
U00727,52,Masculino,Lima,2024-04-05,Smartphone
U00728,45,Masculino,Lima,2024-07-30,Smartphone
U00729,44,Femenino,Lima,2024-08-28,Smartphone
U00730,39,Masculino,Lima,2024-09-23,Smartphone
U00731,26,Masculino,Lima,2024-05-04,Smartphone
U00732,24,Femenino,Lambayeque,2024-05-09,Smartphone
U00733,34,Femenino,Lima,2024-10-18,Smartphone
U00734,28,Femenino,Lima,2024-08-17,Web Desktop
U00735,41,Femenino,Lima,2024-08-14,Smartphone
U00736,31,Masculino,Lima,2024-10-07,Smartphone
U00737,52,Femenino,Lima,2024-05-30,Smartphone
U00738,48,Femenino,Cusco,2024-05-19,Smartphone
U00739,16,Masculino,Lima,2024-09-15,Smartphone
U00740,25,Femenino,Lima,2024-08-28,Smartphone
U00741,27,Femenino,Lima,2024-09-22,Smartphone
U00742,29,Femenino,La Libertad,2024-07-04,Smartphone
U00743,31,Femenino,Lima,2024-09-28,Smartphone
U00744,29,Masculino,Lima,2024-07-24,Smartphone
U00745,39,Femenino,Lima,2024-08-19,Web Desktop
U00746,33,Femenino,Ica,2024-04-24,Smartphone
U00747,41,Masculino,Lima,2024-05-27,Smartphone
U00748,32,Femenino,Lima,2024-09-05,Tablet
U00749,35,Masculino,Lima,2024-05-15,Web Desktop
U00750,36,Femenino,Piura,2024-08-11,Web Desktop
U00751,23,Masculino,Lima,2024-09-05,Smartphone
U00752,23,Femenino,Lima,2024-04-23,Tablet
U00753,56,Femenino,Lima,2024-08-11,Smartphone
U00754,16,Masculino,Lima,2024-08-22,Smartphone
U00755,50,Femenino,Piura,2024-05-20,Smartphone
U00756,31,Masculino,Lima,2024-04-28,Smartphone
U00757,32,Femenino,Lambayeque,2024-06-05,Web Desktop
U00758,47,Femenino,Lima,2024-08-02,Smartphone
U00759,40,Masculino,Lima,2024-08-29,Smartphone
U00760,46,Femenino,Lima,2024-05-27,Smartphone
U00761,34,Masculino,Lima,2024-08-16,Smartphone
U00762,18,Femenino,Lima,2024-06-27,Smartphone
U00763,17,Femenino,Lima,2024-06-08,Web Desktop
U00764,24,Femenino,Lima,2024-06-07,Smartphone
U00765,24,Masculino,Piura,2024-10-17,Smartphone
U00766,23,Masculino,Lima,2024-10-13,Smartphone
U00767,43,Masculino,Lima,2024-08-26,Smartphone
U00768,46,Femenino,La Libertad,2024-07-11,Smartphone
U00769,27,Femenino,Lima,2024-08-17,Smartphone
U00770,18,Femenino,Lima,2024-05-01,Smartphone
U00771,36,Femenino,Lima,2024-07-07,Smartphone
U00772,30,Femenino,Cusco,2024-06-07,Smartphone
U00773,26,Masculino,Lima,2024-07-18,Smartphone
U00774,25,Femenino,Lima,2024-08-25,Smartphone
U00775,27,Masculino,Piura,2024-05-31,Smartphone
U00776,31,Femenino,La Libertad,2024-07-31,Smartphone
U00777,39,Femenino,Lima,2024-09-09,Web Desktop
U00778,30,Masculino,Lima,2024-08-24,Smartphone
U00779,16,Masculino,Lima,2024-07-31,Web Desktop
U00780,38,Femenino,Lima,2024-08-22,Smartphone
U00781,30,Femenino,Lima,2024-09-21,Smartphone
U00782,54,Masculino,Lima,2024-10-17,Smartphone
U00783,25,Masculino,Lima,2024-04-21,Smartphone
U00784,30,Femenino,Ica,2024-09-11,Web Desktop
U00785,40,Femenino,Lima,2024-04-19,Smartphone
U00786,18,Femenino,Lima,2024-06-08,Smartphone
U00787,36,Femenino,Lima,2024-07-02,Web Desktop
U00788,37,Masculino,Lima,2024-04-06,Smartphone
U00789,24,Masculino,Lambayeque,2024-04-21,Smartphone
U00790,26,Femenino,Lima,2024-08-19,Web Desktop
U00791,19,Femenino,Ica,2024-09-06,Smartphone
U00792,26,Femenino,Lima,2024-09-08,Smartphone
U00793,27,Masculino,Lima,2024-06-23,Smartphone
U00794,46,Masculino,Lima,2024-07-23,Smartphone
U00795,27,Femenino,Lima,2024-09-10,Smartphone
U00796,46,Femenino,Lima,2024-06-28,Smartphone
U00797,29,Masculino,Lima,2024-06-06,Smartphone
U00798,23,Femenino,Piura,2024-06-28,Web Desktop
U00799,27,Femenino,Lambayeque,2024-08-01,Web Desktop
U00800,26,Masculino,Lima,2024-08-19,Web Desktop
U00801,31,Masculino,Lima,2024-10-01,Smartphone
U00802,36,Masculino,Lima,2024-09-08,Smartphone
U00803,27,Masculino,Lima,2024-10-08,Smartphone
U00804,30,Femenino,Piura,2024-06-14,Smartphone
U00805,26,Masculino,Lima,2024-05-19,Smartphone
U00806,24,Femenino,Lima,2024-04-27,Smartphone
U00807,24,Masculino,Arequipa,2024-05-09,Smartphone
U00808,17,Femenino,Lima,2024-07-05,Web Desktop
U00809,28,Femenino,Piura,2024-04-15,Tablet
U00810,26,Femenino,Lima,2024-06-04,Smartphone
U00811,38,Femenino,La Libertad,2024-10-15,Smartphone
U00812,54,Masculino,Lima,2024-10-15,Smartphone
U00813,17,Femenino,Lima,2024-06-22,Smartphone
U00814,23,Masculino,Lima,2024-08-02,Smartphone
U00815,34,Femenino,Lima,2024-04-29,Smartphone
U00816,26,Femenino,Lima,2024-05-01,Smartphone
U00817,29,Femenino,Lima,2024-07-31,Web Desktop
U00818,34,Femenino,Lima,2024-04-24,Smartphone
U00819,35,Masculino,Ica,2024-04-16,Smartphone
U00820,29,Masculino,La Libertad,2024-05-30,Smartphone
U00821,27,Masculino,Arequipa,2024-07-22,Web Desktop
U00822,33,Masculino,Lima,2024-04-11,Smartphone
U00823,31,Masculino,Lima,2024-08-24,Smartphone
U00824,25,Femenino,Lima,2024-09-01,Web Desktop
U00825,52,Femenino,Lima,2024-06-07,Smartphone
U00826,31,Femenino,Lima,2024-05-18,Smartphone
U00827,47,Masculino,La Libertad,2024-10-02,Smartphone
U00828,20,Masculino,Lima,2024-10-14,Smartphone
U00829,32,Femenino,Lima,2024-04-25,Smartphone
U00830,28,Femenino,Lambayeque,2024-04-09,Smartphone
U00831,26,Femenino,Lima,2024-07-09,Smartphone
U00832,37,Masculino,Lima,2024-05-27,Smartphone
U00833,33,Femenino,Lambayeque,2024-04-21,Smartphone
U00834,28,Femenino,Arequipa,2024-07-04,Web Desktop
U00835,38,Masculino,Lima,2024-04-19,Smartphone
U00836,38,Masculino,Ica,2024-10-03,Smartphone
U00837,26,Femenino,Lima,2024-09-08,Smartphone
U00838,52,Masculino,Lima,2024-09-11,Smartphone
U00839,31,Masculino,Lima,2024-05-17,Smartphone
U00840,32,Femenino,Lima,2024-07-23,Tablet
U00841,50,Masculino,Ica,2024-07-15,Web Desktop
U00842,41,Masculino,Lima,2024-08-18,Smartphone
U00843,27,Masculino,Lima,2024-07-24,Tablet
U00844,53,Masculino,Ica,2024-08-11,Smartphone
U00845,25,Femenino,Ica,2024-06-20,Smartphone
U00846,18,Masculino,Lima,2024-08-25,Smartphone
U00847,23,Femenino,Lima,2024-08-28,Smartphone
U00848,25,Masculino,Lima,2024-05-26,Smartphone
U00849,35,Masculino,Lima,2024-09-24,Web Desktop
U00850,33,Masculino,Lima,2024-08-26,Smartphone
U00851,28,Masculino,Lima,2024-07-21,Web Desktop
U00852,28,Masculino,Lima,2024-09-02,Smartphone
U00853,51,Femenino,Lima,2024-08-23,Smartphone
U00854,27,Masculino,Lima,2024-07-10,Smartphone
U00855,57,Masculino,Lima,2024-07-10,Smartphone
U00856,25,Femenino,Lima,2024-07-12,Smartphone
U00857,26,Femenino,La Libertad,2024-05-05,Smartphone
U00858,29,Femenino,Lima,2024-09-05,Smartphone
U00859,57,Femenino,Lima,2024-06-22,Web Desktop
U00860,37,Femenino,Lima,2024-06-29,Smartphone
U00861,25,Masculino,Lima,2024-06-29,Smartphone
U00862,36,Masculino,Lima,2024-05-30,Web Desktop
U00863,25,Femenino,Arequipa,2024-10-07,Smartphone
U00864,20,Masculino,Cusco,2024-04-04,Web Desktop
U00865,23,Femenino,Lima,2024-10-07,Smartphone
U00866,29,Masculino,Arequipa,2024-09-07,Smartphone
U00867,34,Masculino,Lima,2024-09-17,Smartphone
U00868,30,Femenino,Lima,2024-09-06,Web Desktop
U00869,26,Masculino,Lima,2024-06-09,Smartphone
U00870,35,Masculino,Lima,2024-09-14,Web Desktop
U00871,31,Femenino,Arequipa,2024-08-03,Web Desktop
U00872,47,Femenino,Lima,2024-08-22,Tablet
U00873,48,Femenino,Lambayeque,2024-08-04,Smartphone
U00874,29,Femenino,Lima,2024-06-17,Smartphone
U00875,27,Femenino,Lima,2024-07-09,Smartphone
U00876,43,Masculino,Lambayeque,2024-06-27,Smartphone
U00877,44,Femenino,Lima,2024-09-04,Tablet
U00878,44,Femenino,Lima,2024-06-19,Smartphone
U00879,50,Femenino,Lima,2024-08-27,Smartphone
U00880,29,Masculino,Lima,2024-08-13,Smartphone
U00881,51,Otro,Ica,2024-08-23,Smartphone
U00882,50,Femenino,Lima,2024-05-18,Smartphone
U00883,24,Masculino,La Libertad,2024-07-15,Web Desktop
U00884,55,Femenino,Lambayeque,2024-10-07,Web Desktop
U00885,24,Femenino,Lima,2024-09-04,Web Desktop
U00886,37,Masculino,Lima,2024-09-23,Smartphone
U00887,16,Masculino,Lima,2024-09-02,Smartphone
U00888,30,Femenino,Lima,2024-05-12,Smartphone
U00889,23,Femenino,Ica,2024-07-15,Web Desktop
U00890,24,Masculino,Lima,2024-07-22,Web Desktop
U00891,46,Masculino,Cusco,2024-07-19,Web Desktop
U00892,28,Masculino,Piura,2024-07-10,Smartphone
U00893,37,Masculino,Lima,2024-04-10,Web Desktop
U00894,31,Femenino,Cusco,2024-06-02,Web Desktop
U00895,31,Masculino,Lima,2024-10-13,Smartphone
U00896,33,Femenino,Lima,2024-10-16,Web Desktop
U00897,41,Femenino,Lima,2024-09-24,Web Desktop
U00898,29,Femenino,Lima,2024-08-07,Smartphone
U00899,27,Masculino,Lima,2024-07-15,Smartphone
U00900,23,Femenino,Lima,2024-05-22,Smartphone
U00901,43,Femenino,Lima,2024-05-12,Web Desktop
U00902,33,Femenino,Arequipa,2024-04-22,Smartphone
U00903,31,Masculino,Ica,2024-05-11,Smartphone
U00904,31,Femenino,Lima,2024-09-16,Smartphone
U00905,44,Masculino,Lima,2024-07-17,Smartphone
U00906,26,Femenino,Lima,2024-05-22,Web Desktop
U00907,18,Femenino,Lima,2024-04-02,Smartphone
U00908,36,Femenino,Lima,2024-07-14,Smartphone
U00909,32,Masculino,Lima,2024-09-06,Smartphone
U00910,34,Femenino,Lima,2024-04-10,Smartphone
U00911,23,Masculino,Piura,2024-04-23,Smartphone
U00912,19,Otro,Lima,2024-09-17,Smartphone
U00913,37,Masculino,Lima,2024-10-09,Tablet
U00914,28,Femenino,Lima,2024-07-07,Smartphone
U00915,41,Masculino,Lima,2024-05-02,Smartphone
U00916,35,Femenino,Lima,2024-05-24,Smartphone
U00917,33,Masculino,Ica,2024-04-23,Smartphone
U00918,32,Masculino,Ica,2024-09-03,Smartphone
U00919,40,Femenino,Ica,2024-05-04,Smartphone
U00920,36,Femenino,Lima,2024-05-17,Smartphone
U00921,44,Masculino,Ica,2024-04-07,Smartphone
U00922,28,Masculino,Lima,2024-07-16,Smartphone
U00923,30,Femenino,La Libertad,2024-09-11,Smartphone
U00924,25,Femenino,Lima,2024-08-19,Smartphone
U00925,23,Femenino,Lima,2024-08-24,Smartphone
U00926,33,Masculino,Lima,2024-09-20,Web Desktop
U00927,31,Masculino,Lima,2024-09-08,Smartphone
U00928,32,Masculino,Lima,2024-10-08,Web Desktop
U00929,20,Femenino,Arequipa,2024-08-16,Smartphone
U00930,20,Masculino,La Libertad,2024-06-30,Web Desktop
U00931,17,Femenino,Lima,2024-09-08,Tablet
U00932,29,Masculino,Lima,2024-10-18,Smartphone
U00933,40,Masculino,Lima,2024-05-31,Smartphone
U00934,30,Femenino,Lima,2024-10-18,Smartphone
U00935,17,Masculino,Lima,2024-08-02,Smartphone
U00936,49,Femenino,Lambayeque,2024-08-13,Smartphone
U00937,25,Femenino,Cusco,2024-08-11,Web Desktop
U00938,34,Femenino,Lima,2024-08-12,Smartphone
U00939,25,Masculino,Lima,2024-04-23,Smartphone
U00940,23,Femenino,La Libertad,2024-04-06,Smartphone
U00941,30,Masculino,Lima,2024-06-13,Smartphone
U00942,25,Masculino,Lima,2024-05-11,Smartphone
U00943,23,Masculino,Lima,2024-08-17,Smartphone
U00944,30,Femenino,Lambayeque,2024-08-25,Web Desktop
U00945,23,Femenino,Cusco,2024-04-13,Smartphone
U00946,26,Masculino,Lima,2024-04-23,Smartphone
U00947,29,Masculino,Cusco,2024-09-24,Smartphone
U00948,37,Femenino,Lima,2024-10-12,Smartphone
U00949,37,Femenino,Lambayeque,2024-08-24,Web Desktop
U00950,26,Femenino,Lima,2024-10-14,Smartphone
U00951,29,Masculino,Lima,2024-06-06,Web Desktop
U00952,51,Femenino,Lambayeque,2024-06-23,Smartphone
U00953,28,Femenino,Lima,2024-05-14,Smartphone
U00954,25,Masculino,Lima,2024-09-30,Smartphone
U00955,40,Masculino,Lima,2024-07-28,Smartphone
U00956,31,Femenino,Lima,2024-08-02,Smartphone
U00957,30,Femenino,Lima,2024-07-21,Smartphone
U00958,30,Masculino,Lima,2024-04-20,Smartphone
U00959,37,Masculino,Lima,2024-06-23,Smartphone
U00960,31,Femenino,Ica,2024-04-28,Smartphone
U00961,37,Masculino,Lima,2024-09-17,Smartphone
U00962,17,Masculino,Cusco,2024-09-10,Web Desktop
U00963,39,Masculino,Lima,2024-09-05,Smartphone
U00964,29,Femenino,Cusco,2024-09-21,Smartphone
U00965,26,Masculino,Lambayeque,2024-08-28,Tablet
U00966,20,Femenino,Lima,2024-07-04,Smartphone
U00967,48,Femenino,Lima,2024-04-29,Tablet
U00968,43,Femenino,Arequipa,2024-06-21,Smartphone
U00969,36,Femenino,Lima,2024-07-31,Smartphone
U00970,27,Femenino,Lambayeque,2024-05-10,Web Desktop
U00971,24,Femenino,Lima,2024-10-02,Smartphone
U00972,46,Masculino,Lima,2024-07-16,Smartphone
U00973,47,Masculino,Lima,2024-07-18,Smartphone
U00974,31,Femenino,Lima,2024-04-02,Smartphone
U00975,29,Masculino,Lima,2024-08-26,Web Desktop
U00976,28,Masculino,Arequipa,2024-08-02,Smartphone
U00977,53,Femenino,Arequipa,2024-10-10,Tablet
U00978,41,Femenino,Lima,2024-06-02,Smartphone
U00979,28,Masculino,Lima,2024-09-04,Smartphone
U00980,18,Femenino,Lima,2024-07-30,Smartphone
U00981,30,Femenino,Ica,2024-06-14,Web Desktop
U00982,27,Masculino,Arequipa,2024-04-16,Smartphone
U00983,37,Femenino,Lima,2024-10-06,Tablet
U00984,35,Femenino,Lima,2024-10-18,Smartphone
U00985,24,Masculino,Lima,2024-10-07,Smartphone
U00986,24,Masculino,Arequipa,2024-07-04,Smartphone
U00987,40,Masculino,Lima,2024-08-14,Smartphone
U00988,45,Masculino,Ica,2024-05-10,Smartphone
U00989,41,Masculino,Lima,2024-09-11,Smartphone
U00990,27,Masculino,Lima,2024-10-11,Smartphone
U00991,38,Femenino,Lima,2024-10-09,Smartphone
U00992,52,Femenino,Lima,2024-06-07,Smartphone
U00993,26,Femenino,Lambayeque,2024-09-21,Smartphone
U00994,27,Masculino,Lima,2024-09-11,Web Desktop
U00995,31,Masculino,Lima,2024-06-09,Smartphone
U00996,23,Femenino,Lima,2024-09-20,Smartphone
U00997,37,Masculino,Lima,2024-05-17,Smartphone
U00998,23,Masculino,Piura,2024-04-26,Smartphone
U00999,31,Femenino,Arequipa,2024-04-09,Smartphone
U01000,16,Femenino,Lima,2024-05-26,Web Desktop
U01001,53,Masculino,Lima,2024-05-04,Web Desktop
U01002,32,Masculino,Lima,2024-05-18,Smartphone
U01003,26,Masculino,Lima,2024-06-10,Smartphone
U01004,40,Femenino,La Libertad,2024-04-16,Smartphone
U01005,30,Otro,Lima,2024-05-16,Web Desktop
U01006,31,Masculino,Lima,2024-09-13,Smartphone
U01007,29,Masculino,Lima,2024-04-28,Smartphone
U01008,50,Femenino,Lima,2024-06-04,Smartphone
U01009,38,Masculino,Lima,2024-04-10,Smartphone
U01010,35,Femenino,Lima,2024-04-01,Smartphone
U01011,31,Femenino,Lima,2024-04-18,Smartphone
U01012,28,Femenino,Lima,2024-05-02,Web Desktop
U01013,30,Femenino,Lima,2024-09-13,Smartphone
U01014,20,Masculino,Lima,2024-10-12,Web Desktop
U01015,39,Femenino,Lima,2024-05-19,Smartphone
U01016,26,Masculino,Lima,2024-04-22,Smartphone
U01017,46,Masculino,Lima,2024-10-02,Smartphone
U01018,54,Femenino,Lima,2024-06-18,Smartphone
U01019,31,Masculino,Lima,2024-06-26,Smartphone
U01020,38,Femenino,Lima,2024-08-12,Smartphone
U01021,32,Femenino,Lima,2024-04-10,Web Desktop
U01022,36,Masculino,Lima,2024-04-12,Web Desktop
U01023,24,Femenino,Lima,2024-04-25,Web Desktop
U01024,29,Masculino,Lima,2024-04-30,Web Desktop
U01025,32,Femenino,La Libertad,2024-10-06,Smartphone
U01026,35,Femenino,Lima,2024-06-22,Smartphone
U01027,39,Masculino,Lima,2024-05-01,Smartphone
U01028,26,Femenino,Lima,2024-06-02,Smartphone
U01029,48,Femenino,La Libertad,2024-07-06,Smartphone
U01030,38,Masculino,Lima,2024-04-23,Smartphone
U01031,37,Masculino,Lima,2024-10-15,Web Desktop
U01032,29,Femenino,Lima,2024-07-15,Smartphone
U01033,24,Masculino,Lima,2024-08-06,Smartphone
U01034,33,Masculino,La Libertad,2024-04-02,Smartphone
U01035,29,Femenino,Lima,2024-07-02,Smartphone
U01036,47,Femenino,Lima,2024-05-24,Smartphone
U01037,24,Femenino,Lima,2024-07-31,Web Desktop
U01038,29,Masculino,Lima,2024-06-12,Smartphone
U01039,25,Femenino,La Libertad,2024-04-12,Web Desktop
U01040,23,Masculino,Lima,2024-08-03,Web Desktop
U01041,28,Masculino,Arequipa,2024-06-23,Smartphone
U01042,30,Femenino,Lima,2024-05-31,Smartphone
U01043,34,Femenino,Lima,2024-08-03,Smartphone
U01044,19,Femenino,Lambayeque,2024-07-09,Smartphone
U01045,31,Masculino,Lima,2024-05-22,Tablet
U01046,23,Masculino,Lima,2024-07-29,Smartphone
U01047,29,Masculino,Lima,2024-05-11,Smartphone
U01048,42,Masculino,Lima,2024-05-29,Smartphone
U01049,20,Femenino,Ica,2024-07-28,Smartphone
U01050,26,Masculino,Lima,2024-08-27,Smartphone
U01051,27,Masculino,Lambayeque,2024-07-16,Web Desktop
U01052,53,Otro,Arequipa,2024-07-18,Smartphone
U01053,31,Masculino,Lima,2024-08-05,Smartphone
U01054,27,Masculino,Lima,2024-05-26,Smartphone
U01055,25,Femenino,Ica,2024-09-19,Smartphone
U01056,26,Masculino,Arequipa,2024-07-26,Smartphone
U01057,29,Masculino,Lima,2024-07-04,Web Desktop
U01058,33,Masculino,Lima,2024-06-25,Web Desktop
U01059,30,Femenino,Lima,2024-08-17,Web Desktop
U01060,29,Masculino,Lima,2024-10-06,Web Desktop
U01061,52,Masculino,Lima,2024-04-29,Web Desktop
U01062,31,Masculino,Lima,2024-08-22,Smartphone
U01063,37,Masculino,Lima,2024-06-01,Tablet
U01064,31,Masculino,Arequipa,2024-09-27,Web Desktop
U01065,24,Femenino,Cusco,2024-07-18,Smartphone
U01066,23,Femenino,Lima,2024-05-02,Smartphone
U01067,32,Masculino,Lima,2024-09-06,Smartphone
U01068,28,Femenino,Cusco,2024-07-10,Smartphone
U01069,45,Masculino,Lima,2024-04-29,Smartphone
U01070,36,Femenino,Lima,2024-04-06,Tablet
U01071,27,Masculino,Lima,2024-10-06,Smartphone
U01072,35,Femenino,Lima,2024-08-12,Web Desktop
U01073,36,Masculino,Lima,2024-08-03,Web Desktop
U01074,32,Masculino,Lima,2024-05-04,Smartphone
U01075,45,Femenino,Lima,2024-06-13,Smartphone
U01076,38,Femenino,Lima,2024-09-06,Tablet
U01077,52,Femenino,Ica,2024-09-25,Web Desktop
U01078,49,Femenino,Lima,2024-08-26,Tablet
U01079,25,Femenino,Lima,2024-09-18,Smartphone
U01080,25,Femenino,Lima,2024-08-15,Tablet
U01081,23,Femenino,Lima,2024-07-27,Smartphone
U01082,49,Femenino,Arequipa,2024-06-24,Tablet
U01083,35,Femenino,Lima,2024-08-25,Web Desktop
U01084,37,Masculino,Lambayeque,2024-04-29,Smartphone
U01085,33,Femenino,Lima,2024-07-12,Smartphone
U01086,34,Femenino,Lima,2024-09-12,Smartphone
U01087,27,Femenino,Lambayeque,2024-04-06,Smartphone
U01088,19,Masculino,Ica,2024-07-10,Tablet
U01089,25,Masculino,Lima,2024-09-18,Smartphone
U01090,29,Masculino,Lima,2024-04-04,Smartphone
U01091,25,Femenino,Lima,2024-05-26,Smartphone
U01092,36,Masculino,Lima,2024-05-12,Smartphone
U01093,41,Masculino,Lima,2024-09-01,Web Desktop
U01094,17,Femenino,Ica,2024-06-25,Smartphone
U01095,20,Masculino,Lima,2024-06-09,Smartphone
U01096,32,Femenino,Lima,2024-05-22,Web Desktop
U01097,26,Femenino,Lima,2024-06-17,Web Desktop
U01098,40,Femenino,Arequipa,2024-04-01,Smartphone
U01099,25,Masculino,Piura,2024-09-15,Smartphone
U01100,35,Femenino,Lima,2024-06-02,Smartphone
U01101,18,Femenino,Ica,2024-07-02,Smartphone
U01102,32,Femenino,Lima,2024-09-25,Smartphone
U01103,40,Femenino,Lima,2024-05-12,Web Desktop
U01104,29,Femenino,Cusco,2024-05-12,Smartphone
U01105,18,Femenino,Lambayeque,2024-06-14,Smartphone
U01106,23,Femenino,La Libertad,2024-04-25,Smartphone
U01107,29,Masculino,Cusco,2024-09-23,Web Desktop
U01108,40,Masculino,Lima,2024-08-27,Smartphone
U01109,29,Femenino,Lima,2024-08-03,Smartphone
U01110,29,Femenino,Lima,2024-05-19,Smartphone
U01111,42,Masculino,Piura,2024-08-15,Smartphone
U01112,33,Femenino,Lambayeque,2024-05-04,Smartphone
U01113,51,Femenino,Lima,2024-07-23,Smartphone
U01114,47,Femenino,Ica,2024-06-17,Smartphone
U01115,16,Femenino,Piura,2024-05-29,Smartphone
U01116,24,Femenino,Lima,2024-10-18,Smartphone
U01117,23,Masculino,Arequipa,2024-04-28,Smartphone
U01118,20,Masculino,Lima,2024-04-12,Web Desktop
U01119,16,Masculino,La Libertad,2024-05-23,Web Desktop
U01120,29,Femenino,Lima,2024-10-09,Smartphone
U01121,52,Femenino,Lima,2024-10-04,Smartphone
U01122,37,Masculino,Lima,2024-04-04,Smartphone
U01123,29,Masculino,Lima,2024-04-02,Web Desktop
U01124,53,Masculino,Lambayeque,2024-07-31,Web Desktop
U01125,32,Femenino,Lima,2024-06-30,Smartphone
U01126,56,Femenino,Lima,2024-06-20,Smartphone
U01127,23,Femenino,Lima,2024-06-13,Smartphone
U01128,28,Femenino,Lima,2024-07-26,Smartphone
U01129,35,Masculino,Piura,2024-07-14,Smartphone
U01130,26,Femenino,Lima,2024-07-31,Web Desktop
U01131,50,Femenino,Ica,2024-04-27,Smartphone
U01132,32,Masculino,Lima,2024-07-12,Smartphone
U01133,33,Masculino,Cusco,2024-07-03,Smartphone
U01134,55,Femenino,Piura,2024-05-30,Smartphone
U01135,41,Femenino,Arequipa,2024-06-09,Smartphone
U01136,41,Femenino,Lima,2024-08-03,Tablet
U01137,29,Masculino,Lima,2024-08-06,Smartphone
U01138,24,Femenino,Arequipa,2024-08-06,Web Desktop
U01139,34,Femenino,Lima,2024-09-07,Smartphone
U01140,33,Masculino,Lima,2024-07-29,Smartphone
U01141,26,Femenino,Lima,2024-08-17,Smartphone
U01142,28,Otro,Cusco,2024-07-25,Smartphone
U01143,26,Femenino,Lima,2024-09-16,Smartphone
U01144,45,Masculino,Lima,2024-06-19,Smartphone
U01145,36,Masculino,Lima,2024-08-20,Smartphone
U01146,37,Femenino,Lima,2024-04-15,Smartphone
U01147,31,Masculino,Lima,2024-10-14,Smartphone
U01148,55,Femenino,Lima,2024-07-03,Smartphone
U01149,27,Femenino,Cusco,2024-04-25,Smartphone
U01150,30,Femenino,Lima,2024-05-31,Smartphone
U01151,37,Femenino,Lima,2024-04-30,Web Desktop
U01152,23,Femenino,Lima,2024-07-18,Smartphone
U01153,31,Femenino,Lima,2024-06-21,Smartphone
U01154,31,Femenino,Lima,2024-09-24,Smartphone
U01155,35,Femenino,Piura,2024-05-13,Smartphone
U01156,35,Masculino,Lima,2024-04-20,Smartphone
U01157,42,Femenino,Lima,2024-08-25,Smartphone
U01158,29,Masculino,Ica,2024-08-27,Smartphone
U01159,18,Femenino,Lima,2024-07-19,Smartphone
U01160,23,Masculino,Lima,2024-07-20,Web Desktop
U01161,35,Femenino,Lima,2024-07-26,Smartphone
U01162,37,Femenino,Lima,2024-05-18,Smartphone
U01163,29,Masculino,Piura,2024-06-08,Web Desktop
U01164,52,Masculino,Piura,2024-08-23,Web Desktop
U01165,33,Femenino,Lima,2024-05-09,Smartphone
U01166,35,Masculino,Lima,2024-04-17,Web Desktop
U01167,36,Femenino,Lima,2024-09-23,Smartphone
U01168,36,Femenino,Lima,2024-06-19,Smartphone
U01169,32,Otro,Lima,2024-05-22,Web Desktop
U01170,24,Femenino,La Libertad,2024-08-19,Smartphone
U01171,23,Masculino,Lima,2024-04-22,Smartphone
U01172,25,Masculino,Lambayeque,2024-07-03,Smartphone
U01173,33,Femenino,Piura,2024-05-31,Web Desktop
U01174,27,Masculino,Lima,2024-10-16,Web Desktop
U01175,50,Femenino,Lima,2024-10-15,Smartphone
U01176,40,Masculino,Arequipa,2024-10-08,Web Desktop
U01177,26,Femenino,Lima,2024-06-10,Smartphone
U01178,30,Masculino,Lima,2024-09-27,Smartphone
U01179,50,Masculino,Lima,2024-06-11,Smartphone
U01180,44,Femenino,Arequipa,2024-04-06,Web Desktop
U01181,37,Femenino,Arequipa,2024-04-14,Web Desktop
U01182,34,Femenino,Lima,2024-09-27,Smartphone
U01183,28,Femenino,Lima,2024-04-03,Smartphone
U01184,51,Masculino,Lambayeque,2024-10-11,Smartphone
U01185,24,Masculino,Lima,2024-06-21,Smartphone
U01186,46,Masculino,Lima,2024-10-17,Smartphone
U01187,51,Masculino,Lambayeque,2024-07-18,Smartphone
U01188,43,Masculino,Lima,2024-06-30,Smartphone
U01189,32,Masculino,Lima,2024-04-14,Smartphone
U01190,34,Masculino,La Libertad,2024-07-12,Smartphone
U01191,25,Femenino,Lima,2024-08-11,Smartphone
U01192,34,Masculino,Lima,2024-06-21,Web Desktop
U01193,29,Femenino,Lima,2024-06-12,Web Desktop
U01194,26,Femenino,Lima,2024-08-25,Smartphone
U01195,23,Masculino,Lima,2024-04-23,Smartphone
U01196,54,Femenino,Piura,2024-09-06,Smartphone
U01197,30,Femenino,Ica,2024-08-24,Smartphone
U01198,27,Femenino,Lambayeque,2024-09-20,Smartphone
U01199,29,Masculino,Lima,2024-10-18,Web Desktop
U01200,26,Femenino,Lima,2024-05-26,Smartphone
U01201,55,Masculino,Lima,2024-05-08,Smartphone
U01202,18,Femenino,Lima,2024-08-28,Smartphone
U01203,36,Femenino,Lima,2024-09-25,Web Desktop
U01204,29,Masculino,Arequipa,2024-06-05,Smartphone
U01205,20,Femenino,Lima,2024-06-30,Smartphone
U01206,57,Masculino,La Libertad,2024-08-08,Smartphone
U01207,35,Masculino,Lima,2024-08-22,Smartphone
U01208,17,Femenino,Lima,2024-07-29,Web Desktop
U01209,25,Masculino,Lima,2024-06-20,Smartphone
U01210,17,Femenino,Ica,2024-07-02,Smartphone
U01211,50,Masculino,Lima,2024-06-07,Web Desktop
U01212,31,Masculino,Lima,2024-10-13,Tablet
U01213,57,Masculino,Lima,2024-04-14,Web Desktop
U01214,23,Femenino,Lima,2024-09-28,Smartphone
U01215,28,Otro,Lambayeque,2024-07-01,Smartphone
U01216,57,Femenino,Lima,2024-05-08,Web Desktop
U01217,23,Femenino,Lima,2024-10-09,Web Desktop
U01218,30,Masculino,Lima,2024-04-02,Smartphone
U01219,32,Femenino,Lambayeque,2024-08-06,Smartphone
U01220,35,Femenino,Lima,2024-07-10,Smartphone
U01221,28,Masculino,Lima,2024-09-29,Smartphone
U01222,36,Masculino,Lima,2024-06-24,Smartphone
U01223,57,Masculino,Lima,2024-10-05,Smartphone
U01224,52,Femenino,Cusco,2024-06-12,Web Desktop
U01225,23,Masculino,Lima,2024-04-24,Smartphone
U01226,29,Femenino,La Libertad,2024-04-06,Smartphone
U01227,44,Femenino,Lima,2024-09-15,Smartphone
U01228,25,Femenino,Lima,2024-06-19,Web Desktop
U01229,52,Femenino,Lima,2024-08-10,Web Desktop
U01230,26,Masculino,Lima,2024-07-18,Smartphone
U01231,19,Masculino,Lima,2024-07-19,Smartphone
U01232,20,Femenino,Lima,2024-09-23,Smartphone
U01233,36,Femenino,Lima,2024-07-29,Smartphone
U01234,31,Femenino,Ica,2024-06-16,Smartphone
U01235,42,Femenino,Lima,2024-04-12,Smartphone
U01236,32,Femenino,Lima,2024-08-24,Smartphone
U01237,40,Femenino,Lima,2024-04-30,Smartphone
U01238,36,Femenino,Lima,2024-04-22,Smartphone
U01239,30,Femenino,Arequipa,2024-07-25,Web Desktop
U01240,35,Femenino,Lambayeque,2024-05-25,Web Desktop
U01241,27,Femenino,Lima,2024-04-05,Smartphone
U01242,16,Femenino,Lima,2024-07-13,Smartphone
U01243,47,Masculino,Lima,2024-09-05,Web Desktop
U01244,31,Masculino,Lima,2024-05-19,Smartphone
U01245,23,Masculino,Lima,2024-08-02,Smartphone
U01246,34,Femenino,Lima,2024-05-19,Web Desktop
U01247,19,Femenino,Lima,2024-05-10,Smartphone
U01248,36,Masculino,Lima,2024-08-28,Web Desktop
U01249,25,Masculino,Piura,2024-04-03,Smartphone
U01250,26,Masculino,Piura,2024-08-31,Smartphone
U01251,35,Femenino,Lima,2024-10-03,Smartphone
U01252,36,Femenino,Lima,2024-08-26,Smartphone
U01253,23,Femenino,Lima,2024-04-30,Web Desktop
U01254,30,Femenino,Lima,2024-10-03,Smartphone
U01255,25,Femenino,Lima,2024-09-23,Smartphone
U01256,27,Masculino,Arequipa,2024-06-15,Smartphone
U01257,36,Masculino,Piura,2024-10-06,Smartphone
U01258,31,Masculino,Piura,2024-06-12,Smartphone
U01259,33,Masculino,Lima,2024-09-03,Smartphone
U01260,31,Masculino,Lima,2024-08-21,Smartphone
U01261,16,Femenino,Lima,2024-05-15,Smartphone
U01262,42,Femenino,Lima,2024-09-06,Smartphone
U01263,27,Femenino,Lima,2024-06-30,Smartphone
U01264,42,Femenino,Lima,2024-08-10,Smartphone
U01265,33,Masculino,Lambayeque,2024-07-27,Smartphone
U01266,53,Masculino,La Libertad,2024-04-27,Smartphone
U01267,38,Femenino,Lima,2024-05-23,Smartphone
U01268,49,Masculino,Arequipa,2024-08-06,Web Desktop
U01269,33,Femenino,Lima,2024-05-02,Web Desktop
U01270,41,Masculino,La Libertad,2024-07-31,Smartphone
U01271,27,Femenino,Lima,2024-07-16,Smartphone
U01272,29,Femenino,Arequipa,2024-05-29,Smartphone
U01273,26,Femenino,Lima,2024-08-11,Smartphone
U01274,40,Masculino,Lima,2024-10-01,Web Desktop
U01275,38,Femenino,Lima,2024-05-13,Tablet
U01276,31,Masculino,Lima,2024-08-26,Smartphone
U01277,20,Masculino,Lima,2024-09-27,Web Desktop
U01278,30,Masculino,Lima,2024-06-11,Smartphone
U01279,52,Masculino,Arequipa,2024-05-23,Smartphone
U01280,47,Masculino,Lima,2024-10-18,Smartphone
U01281,34,Masculino,Lima,2024-07-09,Smartphone
U01282,34,Femenino,Lima,2024-08-09,Smartphone
U01283,32,Femenino,Lima,2024-08-17,Smartphone
U01284,29,Masculino,Lima,2024-08-08,Smartphone
U01285,23,Masculino,Lima,2024-05-02,Smartphone
U01286,16,Femenino,Lima,2024-06-26,Smartphone
U01287,57,Masculino,Cusco,2024-08-15,Smartphone
U01288,39,Femenino,Lima,2024-10-01,Web Desktop
U01289,29,Masculino,Lima,2024-06-23,Smartphone
U01290,29,Masculino,Lima,2024-09-30,Smartphone
U01291,31,Femenino,Lima,2024-07-31,Web Desktop
U01292,23,Femenino,Lima,2024-08-11,Smartphone
U01293,40,Masculino,Lima,2024-09-24,Tablet
U01294,51,Masculino,Lima,2024-08-08,Smartphone
U01295,26,Femenino,Arequipa,2024-05-01,Web Desktop
U01296,36,Femenino,Arequipa,2024-07-04,Web Desktop
U01297,48,Masculino,Lima,2024-08-25,Smartphone
U01298,27,Femenino,Lima,2024-06-17,Tablet
U01299,23,Masculino,Lima,2024-04-13,Smartphone
U01300,50,Masculino,Lima,2024-08-04,Web Desktop
U01301,20,Femenino,Cusco,2024-08-25,Smartphone
U01302,26,Masculino,La Libertad,2024-10-02,Smartphone
U01303,39,Masculino,Lima,2024-07-25,Smartphone
U01304,34,Masculino,Lima,2024-09-18,Web Desktop
U01305,36,Femenino,Lima,2024-09-19,Smartphone
U01306,45,Masculino,Cusco,2024-08-25,Smartphone
U01307,35,Masculino,Lima,2024-05-20,Smartphone
U01308,57,Masculino,Lima,2024-05-19,Smartphone
U01309,42,Masculino,Lima,2024-05-17,Web Desktop
U01310,55,Masculino,Lima,2024-08-27,Smartphone
U01311,32,Masculino,Lima,2024-04-06,Smartphone
U01312,24,Femenino,Piura,2024-06-05,Smartphone
U01313,16,Masculino,Lima,2024-10-14,Smartphone
U01314,18,Masculino,Lima,2024-06-23,Smartphone
U01315,23,Femenino,Lima,2024-06-22,Smartphone
U01316,23,Femenino,Lima,2024-05-31,Smartphone
U01317,32,Femenino,Lima,2024-07-28,Smartphone
U01318,28,Femenino,Lima,2024-04-05,Smartphone
U01319,27,Masculino,Lima,2024-05-03,Smartphone
U01320,26,Femenino,Piura,2024-10-18,Smartphone
U01321,55,Masculino,Lima,2024-07-18,Smartphone
U01322,57,Femenino,Lima,2024-09-06,Smartphone
U01323,24,Femenino,Lambayeque,2024-09-01,Smartphone
U01324,26,Otro,Piura,2024-08-09,Smartphone
U01325,24,Masculino,Lima,2024-07-11,Smartphone
U01326,34,Masculino,Ica,2024-05-24,Web Desktop
U01327,35,Masculino,Lambayeque,2024-10-10,Smartphone
U01328,35,Femenino,Ica,2024-07-27,Smartphone
U01329,55,Femenino,Lima,2024-04-01,Smartphone
U01330,33,Masculino,Lima,2024-09-26,Smartphone
U01331,36,Femenino,La Libertad,2024-04-20,Smartphone
U01332,31,Masculino,Lima,2024-09-01,Web Desktop
U01333,29,Masculino,Piura,2024-05-02,Tablet
U01334,29,Femenino,Lima,2024-06-11,Smartphone
U01335,35,Femenino,Piura,2024-10-01,Smartphone
U01336,26,Masculino,Lima,2024-09-28,Smartphone
U01337,34,Femenino,Ica,2024-04-29,Smartphone
U01338,47,Femenino,Lima,2024-10-07,Smartphone
U01339,32,Masculino,Lima,2024-04-17,Smartphone
U01340,27,Masculino,Cusco,2024-06-10,Smartphone
U01341,23,Otro,Lima,2024-06-04,Smartphone
U01342,36,Femenino,Lima,2024-09-14,Smartphone
U01343,18,Femenino,Ica,2024-09-22,Smartphone
U01344,31,Femenino,Arequipa,2024-05-28,Web Desktop
U01345,19,Femenino,Lima,2024-06-25,Smartphone
U01346,20,Masculino,Ica,2024-09-24,Smartphone
U01347,28,Masculino,Lima,2024-04-17,Smartphone
U01348,33,Femenino,Lima,2024-09-08,Smartphone
U01349,50,Femenino,Lima,2024-04-14,Tablet
U01350,42,Masculino,Lambayeque,2024-09-06,Web Desktop
U01351,28,Masculino,Lima,2024-04-16,Smartphone
U01352,51,Femenino,Piura,2024-05-03,Smartphone
U01353,19,Femenino,Lima,2024-04-27,Smartphone
U01354,37,Femenino,Piura,2024-09-06,Smartphone
U01355,39,Masculino,La Libertad,2024-07-26,Smartphone
U01356,31,Masculino,Lima,2024-09-20,Smartphone
U01357,41,Femenino,Lima,2024-04-04,Smartphone
U01358,28,Masculino,Piura,2024-05-03,Web Desktop
U01359,35,Femenino,Lima,2024-05-18,Smartphone
U01360,23,Femenino,Lima,2024-09-14,Smartphone
U01361,40,Masculino,Lima,2024-07-30,Smartphone
U01362,25,Femenino,Ica,2024-09-16,Smartphone
U01363,33,Femenino,Piura,2024-04-14,Smartphone
U01364,29,Masculino,Lima,2024-04-18,Smartphone
U01365,26,Masculino,Ica,2024-06-24,Smartphone
U01366,47,Masculino,Lima,2024-05-12,Smartphone
U01367,23,Femenino,Lambayeque,2024-09-25,Smartphone
U01368,27,Femenino,Lima,2024-06-24,Web Desktop
U01369,41,Femenino,Lima,2024-07-02,Tablet
U01370,18,Femenino,Lima,2024-05-20,Smartphone
U01371,35,Femenino,Lima,2024-05-15,Smartphone
U01372,25,Masculino,Lima,2024-05-16,Smartphone
U01373,24,Masculino,Lambayeque,2024-09-21,Smartphone
U01374,23,Femenino,Lima,2024-07-04,Smartphone
U01375,39,Masculino,Ica,2024-07-21,Tablet
U01376,43,Femenino,Cusco,2024-05-19,Smartphone
U01377,26,Masculino,Lima,2024-09-10,Smartphone
U01378,23,Masculino,Lima,2024-06-15,Web Desktop
U01379,40,Femenino,Lima,2024-05-03,Smartphone
U01380,47,Masculino,Lima,2024-07-30,Smartphone
U01381,42,Femenino,Lima,2024-09-13,Web Desktop
U01382,40,Femenino,Lima,2024-07-05,Smartphone
U01383,31,Masculino,Lima,2024-07-12,Smartphone
U01384,37,Masculino,Lima,2024-07-25,Web Desktop
U01385,46,Femenino,Lima,2024-05-11,Smartphone
U01386,50,Femenino,Lima,2024-06-15,Web Desktop
U01387,30,Femenino,Lima,2024-06-26,Smartphone
U01388,31,Femenino,Lima,2024-06-09,Smartphone
U01389,29,Femenino,Lima,2024-04-22,Smartphone
U01390,27,Femenino,Lima,2024-05-29,Web Desktop
U01391,16,Femenino,Lima,2024-09-20,Smartphone
U01392,25,Masculino,La Libertad,2024-05-19,Web Desktop
U01393,34,Otro,Arequipa,2024-06-06,Smartphone
U01394,18,Femenino,Lima,2024-07-13,Tablet
U01395,38,Femenino,Lima,2024-05-09,Web Desktop
U01396,44,Femenino,Arequipa,2024-08-11,Smartphone
U01397,32,Masculino,Arequipa,2024-04-22,Smartphone
U01398,24,Femenino,Lambayeque,2024-07-22,Smartphone
U01399,32,Femenino,Lima,2024-06-18,Web Desktop
U01400,48,Femenino,Lima,2024-05-28,Smartphone
U01401,31,Masculino,Lima,2024-08-29,Smartphone
U01402,16,Masculino,Lima,2024-06-24,Tablet
U01403,32,Masculino,Lima,2024-07-07,Smartphone
U01404,26,Femenino,Lima,2024-06-24,Smartphone
U01405,31,Masculino,Lima,2024-09-20,Smartphone
U01406,28,Masculino,Lima,2024-05-21,Smartphone
U01407,19,Femenino,Lima,2024-04-18,Smartphone
U01408,30,Femenino,Lima,2024-07-15,Web Desktop
U01409,28,Femenino,Lima,2024-07-09,Smartphone
U01410,54,Femenino,Lima,2024-09-29,Smartphone
U01411,34,Masculino,Lambayeque,2024-08-07,Smartphone
U01412,36,Femenino,Lima,2024-04-17,Smartphone
U01413,42,Masculino,Lima,2024-08-04,Web Desktop
U01414,32,Femenino,Lima,2024-07-26,Smartphone
U01415,25,Femenino,Piura,2024-07-16,Web Desktop
U01416,27,Masculino,Lima,2024-05-17,Web Desktop
U01417,33,Femenino,Lambayeque,2024-05-11,Smartphone
U01418,27,Femenino,Lambayeque,2024-10-02,Smartphone
U01419,51,Femenino,La Libertad,2024-07-04,Smartphone
U01420,16,Femenino,La Libertad,2024-05-13,Smartphone
U01421,27,Femenino,Lima,2024-09-20,Smartphone
U01422,36,Femenino,Lima,2024-04-10,Smartphone
U01423,16,Masculino,Lima,2024-07-28,Smartphone
U01424,28,Femenino,Lima,2024-07-22,Smartphone
U01425,25,Masculino,Lima,2024-04-26,Smartphone
U01426,23,Femenino,Lima,2024-10-13,Smartphone
U01427,18,Femenino,Lima,2024-04-09,Smartphone
U01428,47,Femenino,Lima,2024-08-12,Web Desktop
U01429,33,Femenino,Lima,2024-04-02,Smartphone
U01430,19,Masculino,Lambayeque,2024-06-01,Smartphone
U01431,23,Femenino,Ica,2024-05-20,Smartphone
U01432,33,Femenino,Cusco,2024-09-18,Web Desktop
U01433,24,Femenino,Lima,2024-06-22,Web Desktop
U01434,29,Masculino,Lambayeque,2024-07-19,Smartphone
U01435,24,Femenino,Lima,2024-09-15,Smartphone
U01436,26,Femenino,Lima,2024-06-11,Smartphone
U01437,35,Femenino,Cusco,2024-10-14,Smartphone
U01438,28,Masculino,La Libertad,2024-08-24,Web Desktop
U01439,23,Masculino,Ica,2024-09-21,Smartphone
U01440,49,Femenino,Lima,2024-06-21,Web Desktop
U01441,56,Femenino,Lima,2024-07-24,Web Desktop
U01442,29,Femenino,Arequipa,2024-04-06,Smartphone
U01443,33,Femenino,Arequipa,2024-09-06,Web Desktop
U01444,17,Femenino,Lima,2024-05-23,Smartphone
U01445,34,Masculino,Lima,2024-10-07,Web Desktop
U01446,44,Femenino,Lima,2024-08-12,Web Desktop
U01447,41,Masculino,Lima,2024-10-05,Smartphone
U01448,24,Femenino,Lima,2024-06-03,Web Desktop
U01449,39,Masculino,Lima,2024-07-23,Smartphone
U01450,33,Masculino,Lima,2024-09-10,Smartphone
U01451,54,Femenino,Lima,2024-05-23,Smartphone
U01452,23,Femenino,Lima,2024-05-21,Smartphone
U01453,24,Masculino,Lima,2024-09-10,Smartphone
U01454,26,Femenino,Ica,2024-05-13,Smartphone
U01455,31,Femenino,Arequipa,2024-08-02,Web Desktop
U01456,19,Femenino,Lima,2024-06-16,Web Desktop
U01457,29,Masculino,Lima,2024-06-18,Smartphone
U01458,31,Masculino,Lima,2024-10-01,Smartphone
U01459,29,Masculino,Lima,2024-10-04,Web Desktop
U01460,36,Femenino,Lima,2024-10-08,Smartphone
U01461,31,Femenino,Ica,2024-04-10,Smartphone
U01462,53,Femenino,Lima,2024-07-21,Smartphone
U01463,55,Femenino,Lima,2024-09-26,Smartphone
U01464,19,Masculino,Arequipa,2024-04-09,Smartphone
U01465,50,Masculino,Lima,2024-09-13,Smartphone
U01466,27,Femenino,Lima,2024-09-02,Smartphone
U01467,29,Femenino,La Libertad,2024-07-08,Smartphone
U01468,32,Masculino,Lima,2024-07-18,Web Desktop
U01469,26,Femenino,Lima,2024-09-16,Tablet
U01470,47,Femenino,Lima,2024-10-04,Web Desktop
U01471,43,Masculino,La Libertad,2024-05-07,Smartphone
U01472,24,Masculino,Lima,2024-05-14,Smartphone
U01473,38,Femenino,La Libertad,2024-07-16,Smartphone
U01474,36,Femenino,Lima,2024-05-21,Smartphone
U01475,32,Masculino,Lima,2024-05-18,Web Desktop
U01476,24,Masculino,Lima,2024-07-14,Tablet
U01477,32,Femenino,Lima,2024-04-22,Smartphone
U01478,30,Femenino,Lima,2024-08-03,Smartphone
U01479,33,Femenino,Lima,2024-09-18,Tablet
U01480,28,Femenino,Lima,2024-09-02,Smartphone
U01481,30,Masculino,Lima,2024-07-19,Smartphone
U01482,25,Otro,Piura,2024-09-18,Web Desktop
U01483,32,Femenino,Lima,2024-04-26,Smartphone
U01484,19,Masculino,Cusco,2024-09-02,Smartphone
U01485,27,Femenino,Lima,2024-07-04,Web Desktop
U01486,31,Femenino,Lima,2024-09-11,Smartphone
U01487,55,Femenino,Lima,2024-10-06,Smartphone
U01488,26,Femenino,Lima,2024-04-21,Smartphone
U01489,26,Masculino,Piura,2024-10-05,Web Desktop
U01490,32,Femenino,Lima,2024-08-25,Smartphone
U01491,42,Femenino,Lima,2024-09-20,Smartphone
U01492,56,Femenino,Lima,2024-09-17,Smartphone
U01493,29,Femenino,Arequipa,2024-04-23,Smartphone
U01494,23,Femenino,Lambayeque,2024-10-14,Web Desktop
U01495,25,Masculino,Ica,2024-09-18,Smartphone
U01496,27,Masculino,Lima,2024-06-25,Web Desktop
U01497,47,Masculino,Lima,2024-07-06,Smartphone
U01498,51,Masculino,La Libertad,2024-07-21,Tablet
U01499,39,Femenino,Lima,2024-06-27,Smartphone
U01500,34,Masculino,Lima,2024-06-20,Smartphone
